tweetnr;created_at;lang;screen_name;location;full_text;urls;tags;mentions;retweet_count;favorite_count;parsed_text;emoji;english;clean
798;2019-05-27 21:28:13;sv;Ericson_ubbhult;Ubbhult;Hur hade EU-valet gÃ¥tt fÃ¶r Centerpartiet om man inte tjuvhÃ¥llit pÃ¥ sitt stÃ¶d fÃ¶r en ljugande StrandhÃ¤ll till dagen efter valet? Vilket ovÃ¤rdigt fulspel!;https://twitter.com/i/web/status/1133122762401288192;;;176;1491;Hur hade EU-valet gÃ¥tt fÃ¶r Centerpartiet om man inte tjuvhÃ¥llit pÃ¥ sitt stÃ¶d fÃ¶r en ljugande StrandhÃ¤ll till dagen efter valet? Vilket ovÃ¤rdigt fulspel!;;It would seem that all parties are satisfied with the results of the EUROPEAN elections. Just think, if more people had voted, how happy had it not have been at the time?;would seem parties satisfied results european elections think people voted happy time
1289;2019-05-27 08:19:04;sv;jonsson_henrik;Sweden;Ok nu Ã¤r EU-valet Ã¶ver, kan @Centerpartiet avslÃ¶ja om man fÃ¤ller StrandhÃ¤ll nu, eller mÃ¥ste vi fÃ¶rst plÃ¥gas igenom 131 dagar av parlamentariska kafferundor och sedan Ã¤ndÃ¥ fÃ¥ S-stÃ¶d som resultat?;https://twitter.com/i/web/status/1132924164094996485;;Centerpartiet;83;907;Ok nu Ã¤r EU-valet Ã¶ver, kan avslÃ¶ja om man fÃ¤ller StrandhÃ¤ll nu, eller mÃ¥ste vi fÃ¶rst plÃ¥gas igenom 131 dagar av parlamentariska kafferundor och sedan Ã¤ndÃ¥ fÃ¥ S-stÃ¶d som resultat?;;Ok, now the elections is over, it can reveal on the liquid StrandhÃ¤ll now, we have only to be plagued through the 131 days of the parliamentary kafferundor, and then getting the S to support that outcome?;ok elections reveal liquid strandhÃ¤ll plagued days parliamentary kafferundor getting support outcome
275;2019-05-30 16:32:19;sv;kvartalet;Stockholm;"Det var stor dramatik pÃ¥ fÃ¶rhand, men resultatet blev glasklart: Alla partier vann EU-valet. Ã…tminstone enligt alla partier. 

Sveriges nya samhÃ¤llsmagasin, med @viktorbk, har den enda valrapport du behÃ¶ver. https://t.co/HevRZQFaBd";;;viktorbk;81;522;Det var stor dramatik pÃ¥ fÃ¶rhand, men resultatet blev glasklart: Alla partier vann EU-valet. Ã…tminstone enligt alla partier. Sveriges nya samhÃ¤llsmagasin, med , har den enda valrapport du behÃ¶ver.;;There was a lot of drama in advance, but the result was clear: All the political parties, won the elections. At the very least, according to all of the parties. The new magazine, too , has been the only one valrapport you need to.;lot drama advance result clear political parties elections least according parties new magazine one valrapport need
14;2019-05-30 10:07:34;sl;NeMaramButlov;Slovenija;Marta Kos je sestra urednika @24ur_com , to je zahvala za propagando @StrankaLMS med kampanjo za evropske volitve. https://t.co/f04sF8ob6U;https://twitter.com/Nova24TV/status/1134022267359453189;;24ur_com, StrankaLMS;28;38;Marta Kos je sestra urednika , to je zahvala za propagando med kampanjo za evropske volitve.;;Martha a Piece of the sister of the owner , this is to thank you for the propaganda during the campaign for the european elections.;martha piece sister owner thank propaganda campaign european elections
89;2019-05-27 05:48:25;sl;Gen_ID_SLO;;"Evropske volitve Å¡tejemo kot izredno uspeÅ¡ne za domoljubne stranke. Konzervativno / KrÅ¡Äanski blok (EPP) je zmagal, suverinistiÄni / evroskeptiÄni (ENF, EFDD, ECR) pa je postal druga najveÄja grupacija. 

Evropejci smo spregovorili za Evropo narodov in Evropo Evropejcev. ğŸ”ğŸ‘ https://t.co/PjTogD0hXr";https://twitter.com/i/web/status/1132886253102411777;;;21;77;Evropske volitve Å¡tejemo kot izredno uspeÅ¡ne za domoljubne stranke. Konzervativno / KrÅ¡Äanski blok (EPP) je zmagal, suverinistiÄni / evroskeptiÄni (ENF, EFDD, ECR) pa je postal druga najveÄja grupacija. Evropejci smo spregovorili za Evropo narodov in Evropo Evropejcev. ;ğŸ”ğŸ‘;The european elections are considered to be extremely successful for a patriotic party. Conservative / Christian block, (EPP) it won't suverinistiÄni / evroskeptiÄni (ENF, EFDD, ECR) has become the second largest grupacija. Europeans are talking of a Europe of nations and a Europe of the People.;european elections considered extremely successful patriotic party conservative christian block epp wont suverinistiÄni evroskeptiÄni enf efdd ecr become second largest grupacija europeans talking europe nations europe people
22;2019-05-29 12:35:58;sl;MartinIvec;Republic of Slovenia;"ğŸ¤” Kje je tu logika? Izselijo se iz socialistiÄnega sistema v kapitalistiÄnega potem pa po poÅ¡ti glasujejo za socialiste. Lahko izÅ¾eneÅ¡ Äloveka iz socializma, a socializma iz njega ne moreÅ¡.
https://t.co/tMyTTKmmnV";https://www.rtvslo.si/slovenija/evropske-volitve-2019/glasovnice-po-posti-niso-spremenile-izida-volitev/489502;;;17;51; Kje je tu logika? Izselijo se iz socialistiÄnega sistema v kapitalistiÄnega potem pa po poÅ¡ti glasujejo za socialiste. Lahko izÅ¾eneÅ¡ Äloveka iz socializma, a socializma iz njega ne moreÅ¡.;ğŸ¤”;Where is here the logic? Evict it from the socialist system to the capitalist, then, according to the post they were voting for socialiste. You can izÅ¾eneÅ¡ of a man from a socialist, but a socialist of him they can't.;logic evict socialist system capitalist according post voting socialiste izÅ¾eneÅ¡ man socialist socialist cant
4;2019-05-27 17:07:16;sk;Europarl_SK;Brusel, Å trasburg;Teraz po voÄ¾bÃ¡ch sa budÃº poslanci zaraÄovaÅ¥ do politickÃ½ch skupÃ­n a rozhodnÃº aj o novom predsedovi EurÃ³pskej komisie. Viac na https://t.co/5Nt9CYsVvO https://t.co/VmIK89ViV7;https://twitter.com/i/web/status/1133057093752246274;;;2;3;Teraz po voÄ¾bÃ¡ch sa budÃº poslanci zaraÄovaÅ¥ do politickÃ½ch skupÃ­n a rozhodnÃº aj o novom predsedovi EurÃ³pskej komisie. Viac na;;Now after the elections, will be members of the divided into political groups and decide about the new president of the European commission. More on;elections members divided political groups decide new president european commission
2;2019-06-03 06:55:12;sk;sheepico;;"PokiaÄ¾ ide o politickÃ© zoskupenia, eurÃ³pske voÄ¾by nepriniesli rozhodujÃºceho vÃ­Å¥aza â€“ je to vÅ¡ak inÃ½ prÃ­beh, pokiaÄ¾ ide o otÃ¡zky v oblasti klÃ­my.

https://t.co/MekAqlvmHQ";https://twitter.com/i/web/status/1135439776885215234;;;0;0;PokiaÄ¾ ide o politickÃ© zoskupenia, eurÃ³pske voÄ¾by nepriniesli rozhodujÃºceho vÃ­Å¥aza â€“ je to vÅ¡ak inÃ½ prÃ­beh, pokiaÄ¾ ide o otÃ¡zky v oblasti klÃ­my.;;As far as the political grouping, the european elections have not produced major winners â€“ but it is a different story, as regards the issues in the area of climate change.;far political grouping european elections produced major winners â€“ different story regards issues area climate change
3;2019-05-29 14:53:22;sk;jakub_feltovic;Slovak Republic;Napriek tomu, Å¾e existuje pomerne veÄ¾kÃ¡ skupina eurÃ³pskych voliÄov, ktorÃ¡ si Å¾elÃ¡ zmenu vedenia EurÃ³pskej politiky, voÄ¾by celkovo vyhrali umiernenÃ©, nie extrÃ©mistickÃ© sily. Som rÃ¡d, Å¾e zvÃ­Å¥azili hlavnÃ© eurÃ³pske frakcie, napriek tomu, Å¾e sÃº oproti minulosti poÄetne oslabenÃ©.;https://twitter.com/i/web/status/1133748171677622272;;;0;0;Napriek tomu, Å¾e existuje pomerne veÄ¾kÃ¡ skupina eurÃ³pskych voliÄov, ktorÃ¡ si Å¾elÃ¡ zmenu vedenia EurÃ³pskej politiky, voÄ¾by celkovo vyhrali umiernenÃ©, nie extrÃ©mistickÃ© sily. Som rÃ¡d, Å¾e zvÃ­Å¥azili hlavnÃ© eurÃ³pske frakcie, napriek tomu, Å¾e sÃº oproti minulosti poÄetne oslabenÃ©.;;Despite the fact that there is a relatively large group of european voters, who wishes to change the leadership of the European policy options, overall, won a moderate, not extremist forces. I'm glad to have won the major european factions, despite the fact that they are compared to the past are weakened.;despite fact relatively large group european voters wishes change leadership european policy options overall moderate extremist forces im glad major european factions despite fact compared past weakened
33;2019-05-27 08:07:46;ro;kolat_ca;Eastern Bloc;"Lumea nici cÄƒ È™tie cum funcÈ›ioneazÄƒ alegerile europene. Am Ã®ncercat ieri sÄƒ Ã®i explic unui prieten cÄƒ fiecare È›arÄƒ are un numÄƒr de scaune Ã®n plen. È˜i alegerile vor decide ce partide cÄƒstiga scaunele.

La care el ""ce-i aia plen?"" ğŸ¤¯";https://twitter.com/i/web/status/1132921321980071936;;;4;17;"Lumea nici cÄƒ È™tie cum funcÈ›ioneazÄƒ alegerile europene. Am Ã®ncercat ieri sÄƒ Ã®i explic unui prieten cÄƒ fiecare È›arÄƒ are un numÄƒr de scaune Ã®n plen. È˜i alegerile vor decide ce partide cÄƒstiga scaunele. La care el ""ce-i aia plen?"" ";ğŸ¤¯;"Also I know how it works in the european elections. I tried yesterday to explain to a friend that each country has a number of seats in the parliament. And this election will decide which parties win seats. To the him, ""what's a plenary?""";also know works european elections tried yesterday explain friend country number seats parliament election decide parties win seats whats plenary
25;2019-05-27 16:44:17;ro;AdrianaCostach5;BucureÅŸti, RomÃ¢nia;Partidul naÅ£ionalist polonez Lege ÅŸi JustiÅ£ie (PiS) a cÃ¢ÅŸtigat alegerile europene cu circa 42,4% din voturi, Ã®n faÅ£a CoaliÅ£iei Europene din care face parte ÅŸi Platforma CivicÄƒ a fostului premier ÅŸi actual preÅŸedinte al Consiliului European, Donald Tusk,;https://twitter.com/i/web/status/1133051308527771649;;;2;6;Partidul naÅ£ionalist polonez Lege ÅŸi JustiÅ£ie (PiS) a cÃ¢ÅŸtigat alegerile europene cu circa 42,4% din voturi, Ã®n faÅ£a CoaliÅ£iei Europene din care face parte ÅŸi Platforma CivicÄƒ a fostului premier ÅŸi actual preÅŸedinte al Consiliului European, Donald Tusk,;;The nationalist party, the Polish Law and Justice (PiS) won the european elections, with approximately 42.4% of the vote, in the face of a European Coalition in which the Civic Platform of the former prime minister and current president of the European Council, Donald Tusk,;nationalist party polish law justice pis european elections approximately vote face european coalition civic platform former prime minister current president european council donald tusk
14;2019-05-29 11:39:54;ro;RaduTudorA3;Bucharest;O exceptionala analiza a rezultatului si efectelor politice in alegerile europene #aspenromania, #gmfus, #events2019, #EUelections2019;;aspenromania, gmfus, events2019, EUelections2019;;1;5;O exceptionala analiza a rezultatului si efectelor politice in alegerile europene , , ,;;For a brilliant analysis of the outcome and results of the political elections of ,;brilliant analysis outcome results political elections
722;2019-05-27 17:32:54;pt;CarlaZambelli17;SÃ£o Paulo, Brasil;"Direita (â€œextremaâ€ Ã© a mÃ£e) vence as eleiÃ§Ãµes europeias no Reino Unido, na FranÃ§a e na ItÃ¡lia.

Ã‰, vermelhada, o momento para vocÃªs nÃ£o estÃ¡ fÃ¡cil nÃ£o. Por que nÃ£o hibernam e acordam sÃ³ daqui a uns 20 anos? ğŸ˜‚";https://twitter.com/i/web/status/1133063541903306753;;;1462;9156;Direita (â€œextremaâ€ Ã© a mÃ£e) vence as eleiÃ§Ãµes europeias no Reino Unido, na FranÃ§a e na ItÃ¡lia. Ã‰, vermelhada, o momento para vocÃªs nÃ£o estÃ¡ fÃ¡cil nÃ£o. Por que nÃ£o hibernam e acordam sÃ³ daqui a uns 20 anos?;ğŸ˜‚;To the right (â€œextremeâ€ is the mother wins the election to the european parliament in the United Kingdom, France, and Italy. It is vermelhada, this is the time for you, it is not an easy thing to do. For they do not hibernate, and they agree it will only be in about 20 years from now?;right â€œextremeâ€ mother wins election european parliament united kingdom france italy vermelhada time easy thing hibernate agree years
1074;2019-05-27 10:35:04;pt;RenovaMidia;Brasil;"O partido direitista Liga Norte, liderado pelo vice-premiÃª Matteo Salvini, foi o mais votado na #ItÃ¡lia para o Parlamento Europeu.

https://t.co/w81zhXhSLt";https://twitter.com/i/web/status/1132958391633158144;ItÃ¡lia;;262;1493;O partido direitista Liga Norte, liderado pelo vice-premiÃª Matteo Salvini, foi o mais votado na para o Parlamento Europeu.;;The party of the rightist Northern League, headed by the deputy prime minister, Matteo Salvini, was the one which receives the most votes in the European Parliament.;party rightist northern league headed deputy prime minister matteo salvini one receives votes european parliament
677;2019-05-27 19:01:00;pt;RenovaMidia;Brasil;"Alguns dos principais aliados e simpatizantes do governo do presidente da RepÃºblica, Jair Bolsonaro, saÃ­ram fortalecidos nas urnas, demonstrando o avanÃ§o da direita anti-globalista na Europa.

https://t.co/Pq3M1Q7c1c";https://twitter.com/i/web/status/1133085713606557698;;;222;1296;Alguns dos principais aliados e simpatizantes do governo do presidente da RepÃºblica, Jair Bolsonaro, saÃ­ram fortalecidos nas urnas, demonstrando o avanÃ§o da direita anti-globalista na Europa.;;A few of the main allies and supporters of the government, from the president of the Republic, Jair, jair bolsonaro, they came out stronger at the ballot box, which shows the advancement of the right of an anti-globalist Europe.;main allies supporters government president republic jair jair bolsonaro came stronger ballot box shows advancement right antiglobalist europe
125;2019-05-27 20:29:05;pl;mariuszbonkowo;PÃ³Å‚nocne Mazowsze;@MartaNiewierko Po lewej stronie foto przedstawia wybory europejskie w powiatach a po prawej stronie foto przedstawia zdawalnoÅ›Ä‡ matur. A propos tego ciemnego ludu ze wschodu. https://t.co/qNjigDBlfN;https://twitter.com/i/web/status/1133107879261679619;;MartaNiewierko;407;809;Po lewej stronie foto przedstawia wybory europejskie w powiatach a po prawej stronie foto przedstawia zdawalnoÅ›Ä‡ matur. A propos tego ciemnego ludu ze wschodu.;;Left photo represents the European elections in constituencies, and the right photo shows zdawalnoÅ›Ä‡ baccalaureate. By the way, this dark people from the East.;left photo represents european elections constituencies right photo shows zdawalnoÅ›Ä‡ baccalaureate way dark people east
144;2019-05-27 13:28:43;pl;WasikMaciej;;"Wybory parlamentarne 2015, frekwencja 51% @pisorgpl - 5,7 mln gÅ‚osÃ³w.
Wybory europejskie 2019, frekwencja 46% @pisorgpl - 6,2 mln gÅ‚osÃ³w.
#JaCieNieMoge";https://twitter.com/i/web/status/1133002091520233472;;pisorgpl;257;958;Wybory parlamentarne 2015, frekwencja 51% - 5,7 mln gÅ‚osÃ³w. Wybory europejskie 2019, frekwencja 46% - 6,2 mln gÅ‚osÃ³w.;;2015 parliamentary elections, the turnout of 51% - 5.7 million votes. 2019 European elections, the turnout of 46% - to 6.2 million votes.;parliamentary elections turnout million votes european elections turnout million votes
13;2019-06-01 23:05:56;pl;waldemarkowal;;"#Kosiniak 18 maja: To jest 1. tura wyborÃ³w. musimy wygraÄ‡ wybory europejskie, Å¼eby wygraÄ‡ na jesieni. ZjednoczyliÅ›my opozycjÄ™, zwyciÄ™Å¼ymy!
#Kosiniak 1 czerwca: Wychodzimy z Koalicji Europejskiej. https://t.co/w3c4AzztY6";;Kosiniak, Kosiniak;;178;443;18 maja: To jest 1. tura wyborÃ³w. musimy wygraÄ‡ wybory europejskie, Å¼eby wygraÄ‡ na jesieni. ZjednoczyliÅ›my opozycjÄ™, zwyciÄ™Å¼ymy! 1 czerwca: Wychodzimy z Koalicji Europejskiej.;;May 18: 1. round of elections. we must win the European elections to win in the fall. We, the opposition, we will win! June 1: we Leave from the Coalition of the Union.;may round elections must win european elections win fall opposition win june leave coalition union
166;2019-05-30 20:29:07;nl;Hej_Pej;Groningen, Nederland;Ik ben Nederlander, democraat en heb gestemt met de Europese verkiezingen. ik eis dat de stem van onze Europese medeburgers in CataloniÃ« wordt gerespecteerd. Het is daarom onacceptabel dat de gekozen MEP's Puigdemont en ComÃ­n de toegang tot het EU parlement worden geweigerd. https://t.co/K1gYL8Pfct;https://twitter.com/i/web/status/1134195054388613120;;;1443;2583;Ik ben Nederlander, democraat en heb gestemt met de Europese verkiezingen. ik eis dat de stem van onze Europese medeburgers in CataloniÃ« wordt gerespecteerd. Het is daarom onacceptabel dat de gekozen MEP's Puigdemont en ComÃ­n de toegang tot het EU parlement worden geweigerd.;;I am a Dutch citizen, as a democrat, and I gestemt with the elections to the European parliament. I claim that it is the voice of the European citizens in Catalonia, and will be complied with. It is, therefore, unacceptable that the elected MEP's Puigdemont, and ComÃ­n, access to the EU parliament (meps) will be denied.;dutch citizen democrat gestemt elections european parliament claim voice european citizens catalonia complied therefore unacceptable elected meps puigdemont comÃ­n access eu parliament meps denied
184;2019-05-30 17:34:01;nl;ggraaf;Catalunya;Ik ben Nederlander, democraat en heb gestemt met de Europese verkiezingen. ik eis dat de stem van onze Europese medeburgers in CataloniÃ« wordt gerespecteerd. Het is daarom onacceptabel dat de gekozen MEP's Puigdemont en ComÃ­n de toegang tot het EU parlement worden geweigerd. https://t.co/RNW4WVAdxQ;https://twitter.com/i/web/status/1134150987894218752;;;1110;1951;Ik ben Nederlander, democraat en heb gestemt met de Europese verkiezingen. ik eis dat de stem van onze Europese medeburgers in CataloniÃ« wordt gerespecteerd. Het is daarom onacceptabel dat de gekozen MEP's Puigdemont en ComÃ­n de toegang tot het EU parlement worden geweigerd.;;I am a Dutch citizen, as a democrat, and I gestemt with the elections to the European parliament. I claim that it is the voice of the European citizens in Catalonia, and will be complied with. It is, therefore, unacceptable that the elected MEP's Puigdemont, and ComÃ­n, access to the EU parliament (meps) will be denied.;dutch citizen democrat gestemt elections european parliament claim voice european citizens catalonia complied therefore unacceptable elected meps puigdemont comÃ­n access eu parliament meps denied
165;2019-05-30 20:41:02;nl;HoogenHans;RepÃºblica Catalana;@Hej_Pej Ik ben Nederlander, democraat en heb gestemd met de Europese verkiezingen. ik eis dat de stem van onze Europese medeburgers in CataloniÃ« wordt gerespecteerd. Het is daarom onacceptabel dat de gekozen MEP's Puigdemont en ComÃ­n de toegang tot het EU parlement worden geweigerd.;https://twitter.com/i/web/status/1134198053261500417;;Hej_Pej;168;275;Ik ben Nederlander, democraat en heb gestemd met de Europese verkiezingen. ik eis dat de stem van onze Europese medeburgers in CataloniÃ« wordt gerespecteerd. Het is daarom onacceptabel dat de gekozen MEP's Puigdemont en ComÃ­n de toegang tot het EU parlement worden geweigerd.;;I am a Dutch citizen, as a democrat, and I voted in the European elections. I claim that it is the voice of the European citizens in Catalonia, and will be complied with. It is, therefore, unacceptable that the elected MEP's Puigdemont, and ComÃ­n, access to the EU parliament (meps) will be denied.;dutch citizen democrat voted european elections claim voice european citizens catalonia complied therefore unacceptable elected meps puigdemont comÃ­n access eu parliament meps denied
2;2019-05-29 13:31:13;fi;DavidCasaMEP;"Brussels; Malta";"Wara l-elezzjonijiet tal-PE issa bdew negozjati dwar min se jkun qed imexxi l-istituzzjonijiet Ewropej fil-5 snin li Ä¡ejjin.

Mill-ewwel indikazzjonijiet, sâ€™issa jidher li l-Partit SoÄ‹jalista m'huwiex se jmexxi 'l quddiem l-isem ta' @JosephMuscat_JM gÄ§all-ebda kariga. https://t.co/29JwEAyBIm";;;JosephMuscat_JM;6;39;Wara l-elezzjonijiet tal-PE issa bdew negozjati dwar min se jkun qed imexxi l-istituzzjonijiet Ewropej fil-5 snin li Ä¡ejjin. Mill-ewwel indikazzjonijiet, sâ€™issa jidher li l-Partit SoÄ‹jalista m'huwiex se jmexxi 'l quddiem l-isem ta' gÄ§all-ebda kariga.;;After the EP elections have now started negotiations about who will be leading the European institutions in the next 5 years. From the first indications, so far it seems that the Socialist Party will not take forward the name of for any post.;ep elections started negotiations leading european institutions next years first indications far seems socialist party take forward name post
8;2019-05-29 10:12:31;lv;LRZinas;Latvia;"â€¼ï¸ Prezidenta vÄ“lÄ“Å¡anas. Å obrÄ«d ir saskaitÄ«tas deputÄtu balsis.
Ar 61 balsi par jauno Latvijas Valsts prezidentu ir kÄ¼uvis Eiropas SavienÄ«bas Tiesas tiesnesis Egils Levits. https://t.co/YzgxrQWBs4";;;;20;31;â€¼ Prezidenta vÄ“lÄ“Å¡anas. Å obrÄ«d ir saskaitÄ«tas deputÄtu balsis. Ar 61 balsi par jauno Latvijas Valsts prezidentu ir kÄ¼uvis Eiropas SavienÄ«bas Tiesas tiesnesis Egils Levits.;ï¸;â€¼ In the presidential election. At the moment it is added the meps ' vote. With 61 votes in favour of the new Latvian president, has become the European Union's Court of justice judge Egils Levits.;â€¼ presidential election moment added meps vote votes favour new latvian president become european unions court justice judge egils levits
56;2019-05-27 05:34:09;lv;Ventiniem;Ventspils, Latvija;"Ventspilnieki Eiropas Parlamenta vÄ“lÄ“Å¡anÄs visvairÄk balsojuÅ¡i par NacionÄlo apvienÄ«bu @VL_TBLNNK, sasniedzot 21,02%.
RezultÄti VentspilÄ«: https://t.co/0z6e18jp0n https://t.co/aA9XWDZ2OP";https://twitter.com/i/web/status/1132882662450966528;;VL_TBLNNK;4;13;Ventspilnieki Eiropas Parlamenta vÄ“lÄ“Å¡anÄs visvairÄk balsojuÅ¡i par NacionÄlo apvienÄ«bu , sasniedzot 21,02%. RezultÄti VentspilÄ«:;;Ventspils community, the European Parliamentary elections, the most voted for of the National associations in reaching the 21,02%. The Results Of The In San Francisco:;ventspils community european parliamentary elections voted national associations reaching results san francisco
41;2019-05-27 07:55:49;lv;ltvzinas;;.@LRApvieniba lÄ«deris @EdvardsSmiltens Å¡orÄ«t @RitaPanorama neveiksmi Eiropas Parlamenta vÄ“lÄ“Å¡anÄs skaidroja ar nelielajiem ieguldÄ«tajiem finanÅ¡u lÄ«dzekÄ¼iem priekÅ¡vÄ“lÄ“Å¡anu kampaÅ†Ä un tehniskajÄm Ä·ibelÄ“m, ar ko vÄ“lÄ“tÄji saskÄrÄs iepriekÅ¡Ä“jÄs balsoÅ¡anas laikÄ.https://t.co/3toVlIY7hz https://t.co/UNPKhmj9xq;https://twitter.com/i/web/status/1132918312868954112;;LRApvieniba, EdvardsSmiltens, RitaPanorama;4;4;. lÄ«deris Å¡orÄ«t neveiksmi Eiropas Parlamenta vÄ“lÄ“Å¡anÄs skaidroja ar nelielajiem ieguldÄ«tajiem finanÅ¡u lÄ«dzekÄ¼iem priekÅ¡vÄ“lÄ“Å¡anu kampaÅ†Ä un tehniskajÄm Ä·ibelÄ“m, ar ko vÄ“lÄ“tÄji saskÄrÄs iepriekÅ¡Ä“jÄs balsoÅ¡anas laikÄ.;;. the leader of this morning, the failure of the elections to the European Parliament, explained by the small amount of invested financial means in the pre-election campaign and the technical Ä·ibelÄ“m, which voters experienced earlier in the voting period.;leader morning failure elections european parliament explained small amount invested financial means preelection campaign technical Ä·ibelÄ“m voters experienced earlier voting period
6;2019-05-27 06:12:20;lt;darkooo;Vilnius, Lithuania;EP rinkimai jau Ä¯domesni - MaldeikienÄ—s traukinys panaÅ¡u, kad pakeliui visus vagonus pametÄ— ir tik lokomotyvas pasiekÄ— finiÅ¡Ä…. Lemiamas Å¡uolis tapo kryÄiu :) Paksas ir Zuokas galutinai mirÄ—. Guogai nepaÄ—jo pokeris su Puteikiu. Uspaskis su TomaÅ¡evskiu ant savo auditorijos iÅ¡jojo.;https://twitter.com/i/web/status/1132892270833938432;;;0;13;EP rinkimai jau Ä¯domesni - MaldeikienÄ—s traukinys panaÅ¡u, kad pakeliui visus vagonus pametÄ— ir tik lokomotyvas pasiekÄ— finiÅ¡Ä…. Lemiamas Å¡uolis tapo kryÄiu :) Paksas ir Zuokas galutinai mirÄ—. Guogai nepaÄ—jo pokeris su Puteikiu. Uspaskis su TomaÅ¡evskiu ant savo auditorijos iÅ¡jojo.;;The EP elections are already more interesting - MaldeikienÄ—s the train seems to be the way all cars lost and only the locomotive reached the finish line. The decisive jump became kryÄiu :) Paksas and Zuokas finally died. Guogai nepaÄ—jo poker with Puteikiu. Uspaskis with TomaÅ¡evskiu on your audience iÅ¡jojo.;ep elections already interesting maldeikienÄ—s train seems way cars lost locomotive reached finish line decisive jump became kryÄiu paksas zuokas finally died guogai nepaÄ—jo poker puteikiu uspaskis tomaÅ¡evskiu audience iÅ¡jojo
7;2019-05-27 00:10:38;lt;KaMykolas;Naktis.;"Viena Ä¯domesniÅ³ savivaldybiÅ³ - Å alÄininkÅ³. Top 3 pasirinkimai:
1. TomaÅ¡evskio blokas
2. Pakso judÄ—jimas
3. Darbo Partija

Vilniaus rajone - panaÅ¡i situacija, tik kad nedorieji Krikdemai perskyrÄ— trijulÄ™. Source: https://t.co/DsXj0yIzS3
#Rinkimai2019";https://twitter.com/i/web/status/1132801246455390208;;;0;1;Viena Ä¯domesniÅ³ savivaldybiÅ³ - Å alÄininkÅ³. Top 3 pasirinkimai: 1. TomaÅ¡evskio blokas 2. Pakso judÄ—jimas 3. Darbo Partija Vilniaus rajone - panaÅ¡i situacija, tik kad nedorieji Krikdemai perskyrÄ— trijulÄ™. Source:;;One of the more interesting municipal - Å alÄininkai. Top 3 choices: 1. In tomaÅ¡evski's block 2. Paksas movement 3. The labour Party in Vilnius district - a similar situation, only that the wicked Krikdemai perskyrÄ— triplet. Source:;one interesting municipal Å¡alÄininkai top choices tomaÅ¡evskis block paksas movement labour party vilnius district similar situation wicked krikdemai perskyrÄ— triplet source
2;2019-05-29 14:06:19;lt;Sputnik_lietuva;Vilnius, Lietuva;"Lietuvoje Ä¯vyko prezidento ir Europos Parlamento rinkimai. Å½monÄ—s iÅ¡reiÅ¡kÄ— savo valiÄ… ir dabar turi teisÄ™ reikalauti iÅ¡ naujojo prezidento ir EP nariÅ³ gerinti gyvenimo kokybÄ™ ir santykius su kaimyninÄ—mis valstybÄ—mis
https://t.co/SBR8n24bQT";https://sputniknews.lt/satires/20190529/9171064/rinkimai-baigesi-kas-laukia-tautos.html;;;0;0;Lietuvoje Ä¯vyko prezidento ir Europos Parlamento rinkimai. Å½monÄ—s iÅ¡reiÅ¡kÄ— savo valiÄ… ir dabar turi teisÄ™ reikalauti iÅ¡ naujojo prezidento ir EP nariÅ³ gerinti gyvenimo kokybÄ™ ir santykius su kaimyninÄ—mis valstybÄ—mis;;Took place in lithuania's presidential and European Parliament elections. The people have expressed their will and now has the right to demand from the new president and members of the EP to improve the quality of life and relations with neighbouring states;took place lithuanias presidential european parliament elections people expressed right demand new president members ep improve quality life relations neighbouring states
10388;2019-05-27 07:00:04;it;lercionotizie;;"#ultimora Elezioni europee, Greta Thunberg ci ripensa: ""Ma sÃ¬, estinguiamoci""
https://t.co/GKrGcpxLCa";https://www.lercio.it/elezioni-europee-greta-thunberg-ci-ripensa-ma-si-estinguiamoci/;ultimora;;2352;6639;"Elezioni europee, Greta Thunberg ci ripensa: ""Ma sÃ¬, estinguiamoci""";;"The european elections, Greta Thunberg reconsiders: ""But yes, estinguiamoci""";european elections greta thunberg reconsiders yes estinguiamoci
7310;2019-05-27 12:11:47;it;CesareSacchetti;Brussels, Belgium;"A Riace, la cittÃ  di Mimmo Lucano, a processo per associazione a delinquere, la Lega vince con il 30%. Strano. I media ci avevano detto che Riace era a favore del ""meraviglioso modello d'accoglienza"" di Lucano. La Riace dei media non Ã¨ mai esistita.
https://t.co/c8gTATXrQS";https://twitter.com/i/web/status/1132982731867082753;;;533;1125;"A Riace, la cittÃ  di Mimmo Lucano, a processo per associazione a delinquere, la Lega vince con il 30%. Strano. I media ci avevano detto che Riace era a favore del ""meraviglioso modello d'accoglienza"" di Lucano. La Riace dei media non Ã¨ mai esistita.";;"In Riace, the town of Mimmo Lucano, a process for criminal association, the League won with 30%. Strange. The media had told us that Statues were in favour of the ""wonderful model of hospitality"" of Lucan. The Statues of the media has never existed.";riace town mimmo lucano process criminal association league strange media told us statues favour wonderful model hospitality lucan statues media never existed
472;2019-05-31 21:19:07;it;gianni_rassu;;"A La Maddalena, isola della Sardegna, erano destinati 15Mln â‚¬ per riparare ai danni del mancato G8.

Alle elezioni europee la Lega Ã¨ il primo partito con il 35,74%.

Il giorno dopo le elezioni il Governo scippa i 15Mln â‚¬ 

Il meridione povero che si fa servo del suo carnefice.";;;;465;1293;A La Maddalena, isola della Sardegna, erano destinati 15Mln â‚¬ per riparare ai danni del mancato G8. Alle elezioni europee la Lega Ã¨ il primo partito con il 35,74%. Il giorno dopo le elezioni il Governo scippa i 15Mln â‚¬ Il meridione povero che si fa servo del suo carnefice.;;La Maddalena, the island of Sardinia, were intended 15Mln â‚¬ to repair the damage of the non-G8. In the european elections, the League is the first party with the 35,74%. The day after the elections, the Government scippa the 15Mln â‚¬ The south poor, who makes himself the servant of his executioner.;la maddalena island sardinia intended mln â‚¬ repair damage nong european elections league first party day elections government scippa mln â‚¬ south poor makes servant executioner
6;2019-05-28 09:31:07;hu;Europarl_HU;BrÃ¼sszel;#EUvÃ¡lasztÃ¡s2019: a rÃ©szvÃ©teli arÃ¡ny 21 orszÃ¡gban nÃ¶vekedett, 7 orszÃ¡gban tÃ¶bb mint 10 szÃ¡zalÃ©kkal. A legnagyobb nÃ¶vekedÃ©s a spanyoloknÃ¡l tÃ¶rtÃ©nt, tÃ¶bb mint 20 szÃ¡zalÃ©kkal. Ã–sszefoglalÃ³ cikkÃ¼nk â†’ https://t.co/9MWcHucgQA https://t.co/eq62CsovVT;https://twitter.com/i/web/status/1133304686214340608;EUvÃ¡lasztÃ¡s2019;;2;3;: a rÃ©szvÃ©teli arÃ¡ny 21 orszÃ¡gban nÃ¶vekedett, 7 orszÃ¡gban tÃ¶bb mint 10 szÃ¡zalÃ©kkal. A legnagyobb nÃ¶vekedÃ©s a spanyoloknÃ¡l tÃ¶rtÃ©nt, tÃ¶bb mint 20 szÃ¡zalÃ©kkal. Ã–sszefoglalÃ³ cikkÃ¼nk â†’;;: the participation of 21 countries and increased in 7 countries by more than 10 percent. The largest increase in spain happened more than 20 percent. Summary article â†’;participation countries increased countries percent largest increase spain happened percent summary article â†’
12;2019-05-27 12:46:29;hu;geritwo;Budapest, Hungary;A budapesti kerÃ¼letek kÃ©tharmadÃ¡t is viheti az ellenzÃ©k Å‘sszel a vasÃ¡rnapi eredmÃ©nyek alapjÃ¡n Â« MÃ©rce https://t.co/8GWSzdkTmJ;https://merce.hu/pp/2019/05/27/igy-rendezodik-at-az-europai-politika-az-ep-valasztasok-masnapjarol-percrol-percre/a-budapesti-keruletek-ketharmadat-is-viheti-az-ellenzek-osszel-a-vasarnapi-eredmenyek-alapjan/;;;0;1;A budapesti kerÃ¼letek kÃ©tharmadÃ¡t is viheti az ellenzÃ©k Å‘sszel a vasÃ¡rnapi eredmÃ©nyek alapjÃ¡n Â« MÃ©rce;;"The budapest districts two-thirds can take on the opposition in the fall, the Sunday results are based on "" Standards";budapest districts twothirds take opposition fall sunday results based standards
2;2019-05-30 22:27:11;hu;TorteiKaroly;;#HÃ¡ttÃ©rkÃ©p 2019 05 30 - HÃR TV - EurÃ³pai vÃ¡lasztÃ¡sok 2019 https://t.co/hfRYfTS7gP;https://www.youtube.com/watch?v=734ElibHsPU;HÃ¡ttÃ©rkÃ©p;;0;0;2019 05 30 - HÃR TV - EurÃ³pai vÃ¡lasztÃ¡sok 2019;;2019 05 30 - NEWS TV - European elections 2019;news tv european elections
6;2019-06-02 09:00:35;hr;HRTsport;;"Novo zlato za @SinkovicBros &gt;&gt;&gt; https://t.co/2nelioshie";https://sport.hrt.hr/517795/izbori/braca-sinkovic-europski-prvaci;;SinkovicBros;7;25;"Novo zlato za &gt;&gt;&gt;";;"New gold &gt;&gt;&gt;";new gold gtgtgt
5;2019-06-02 09:08:10;hr;hrtvijesti;Aktualni i relevantni;ÄŒestitamo! ğŸ†ğŸ‘https://t.co/jqxmtictkR;https://bit.ly/2HPLkk8;;;6;17;ÄŒestitamo! ;ğŸ†ğŸ‘;Congratulations!;congratulations
75;2019-05-27 08:43:31;hr;DNEVNIKhr;Republic of Croatia;"[FOTO] Osim @BiljanaBorzan,  u @Europarl_HR vraÄ‡a se i @TPicula. Iako je bio nositelj liste @SDPHrvatske, ipak nije uspio prikupiti viÅ¡e glasova od @BiljanaBorzan. #dnevnikhr #izboriEU2019 @novahr 

ViÅ¡e na --&gt; https://t.co/mgeBYQVaQ7 https://t.co/1D8mwPdXGM";https://twitter.com/i/web/status/1132930320079183873;;BiljanaBorzan, Europarl_HR, TPicula, SDPHrvatske;3;9;"[FOTO] Osim , u vraÄ‡a se i . Iako je bio nositelj liste , ipak nije uspio prikupiti viÅ¡e glasova od . ViÅ¡e na --&gt;";;"[PHOTO] in addition , returns and . Although he was the bearer of lists , however, failed to gather more votes than . More at --&gt;";photo addition returns although bearer lists however failed gather votes gt
2;2019-05-29 12:10:22;ga;DarrenJPrior;Baile Lotrail / Luttrellstown, CaisleÃ¡n Cnucha / Castleknock, Baile Ãtha Cliath / Dublin, Ã‰ire / Ireland.;"Ar mo chlÃ¡r raidiÃ³ Gaeilge ar @NearFM an DÃ©ardaoin seo beidh mÃ© ag caint le hEoghan Ã“ NÃ©ill @eoghan7 Ã³ @raidiofailte faoi na toghchÃ¡in Ã¡itiÃºla agus Eorpacha in Ã‰irinn idir thuaidh agus theas an mhÃ­ seo.
#Togh19 #LE19 #EP2019 #EE19";https://twitter.com/i/web/status/1133707148989489154;;nearfm, eoghan7;0;1;Ar mo chlÃ¡r raidiÃ³ Gaeilge ar an DÃ©ardaoin seo beidh mÃ© ag caint le hEoghan Ã“ NÃ©ill Ã³ faoi na toghchÃ¡in Ã¡itiÃºla agus Eorpacha in Ã‰irinn idir thuaidh agus theas an mhÃ­ seo.;;On my radio programme in Irish on this Thursday I will be talking to eoghan Ã“ NÃ©ill, from about the local and European elections in Ireland between north and south this month.;radio programme irish thursday talking eoghan Ã³ nÃ©ill local european elections ireland north south month
3;2019-05-27 15:02:31;ga;NuachtTG4;Ã‰ire;Ag grÃºpa nua-bhunaithe Nigel Farage, an Brexit Party, atÃ¡ an lÃ¡mh in uachtar sna toghchÃ¡in Eorpacha sa mBreatain. #VÃ³ta2019 https://t.co/1X27QBUJp1;https://twitter.com/i/web/status/1133025699089059840;;;0;0;Ag grÃºpa nua-bhunaithe Nigel Farage, an Brexit Party, atÃ¡ an lÃ¡mh in uachtar sna toghchÃ¡in Eorpacha sa mBreatain.;;By a new group-based Nigel Farage, the Brexit Party, which is the upper hand in the European elections in britain.;new groupbased nigel farage brexit party upper hand european elections britain
4;2019-05-27 12:04:51;ga;Europarl_GA;An BhruisÃ©il & Strasbourg;BhÃ­omar ag obair go dÃ©anach san oÃ­che arÃ©ir! Agus vÃ³taÃ­ fÃ³s Ã¡ gcomhaireamh in Ã‰irinn, caith sÃºil ar an leathanach seo leis an nuacht is dÃ©anaÃ­ faoi na toghchÃ¡in Eorpacha â†’ https://t.co/5fudWL8tN5 https://t.co/qEqd4jpVye;https://twitter.com/i/web/status/1132980987082805249;;;4;7;BhÃ­omar ag obair go dÃ©anach san oÃ­che arÃ©ir! Agus vÃ³taÃ­ fÃ³s Ã¡ gcomhaireamh in Ã‰irinn, caith sÃºil ar an leathanach seo leis an nuacht is dÃ©anaÃ­ faoi na toghchÃ¡in Eorpacha â†’;;We were working late into the night last night! And votes are still being count in Ireland, take a look at this page with the latest news about the European elections â†’;working late night last night votes still count ireland take look page latest news european elections â†’
19377;2019-05-27 07:52:21;fr;Samira__oft;Lille, France;Un parti anti-europÃ©en en tÃªte des Ã©lections europÃ©ennes https://t.co/ND8mMtePl9;https://twitter.com/Brainlet_meme/status/1132731667137929217;;;2266;5091;Un parti anti-europÃ©en en tÃªte des Ã©lections europÃ©ennes;;An anti-european party topped the european parliament elections;antieuropean party topped european parliament elections
6663;2019-05-28 15:52:19;fr;EmmanuelMacron;France;Beaucoup disaient l'Europe fatiguÃ©e. Vous avez dÃ©montrÃ© le contraire en participant de maniÃ¨re inÃ©dite aux Ã©lections europÃ©ennes. Ã€ nous de construire un projet Ã  votre image : qui rÃ©ponde Ã  l'urgence climatique, qui rebÃ¢tisse un modÃ¨le de progrÃ¨s et qui vous protÃ¨ge davantage.;https://twitter.com/i/web/status/1133400619824418817;;;2250;11437;Beaucoup disaient l'Europe fatiguÃ©e. Vous avez dÃ©montrÃ© le contraire en participant de maniÃ¨re inÃ©dite aux Ã©lections europÃ©ennes. Ã€ nous de construire un projet Ã  votre image : qui rÃ©ponde Ã  l'urgence climatique, qui rebÃ¢tisse un modÃ¨le de progrÃ¨s et qui vous protÃ¨ge davantage.;;Many say Europe tired. You have demonstrated otherwise by participating in a novel way the european elections. For us to build a project in your own image : that responds to the climate emergency, which rebÃ¢tisse a model of progress and that protects you more.;many say europe tired demonstrated otherwise participating novel way european elections us build project image responds climate emergency rebÃ¢tisse model progress protects
3590;2019-05-29 22:15:23;fr;LenaSelles33;Barcelona, Republic Catalonia;"Bon soir:
@Europarl_EN @EP_President
Je suis catalane. 
J'ai donnÃ© ma voix aux Ã©lections europÃ©ennes au PrÃ©sident Carles Puigdemont  @KRLS et au dÃ©putÃ© @toni_comin. 
ğŸ‘‰ Vous venez d'usurper mon vote, Cher Monsieur.
ğŸ‘‰ Quâ€™es-ce quâ€™on va faire maintenant?";https://twitter.com/i/web/status/1133859406624559104;;Europarl_EN, EP_President;1552;2479;Bon soir: Je suis catalane. J'ai donnÃ© ma voix aux Ã©lections europÃ©ennes au PrÃ©sident Carles Puigdemont et au dÃ©putÃ© . Vous venez d'usurper mon vote, Cher Monsieur. Quâ€™es-ce quâ€™on va faire maintenant?;ğŸ‘‰, ğŸ‘‰;Good evening: I am Catalan. I gave my vote to the european elections the President, Carles Puigdemont, and the member of parliament . You come to usurp my vote, Dear Sir. What are we going to do now?;good evening catalan gave vote european elections president carles puigdemont member parliament come usurp vote dear sir going
32;2019-05-27 07:22:36;fi;Lassukat;JyvÃ¤skylÃ¤, Suomi;Hesarin skitsofreninen uutisointi EU-vaalien tuloksesta. ğŸ˜²ğŸ¤” Samoissa artikkeleissa kerrotaan oikeistopopulistien sekÃ¤ hÃ¤vinneen ettÃ¤ voittaneen EU-vaalit. ğŸ’© #Hesari #EUvaalit2019 #eurooppa https://t.co/D3hqGpxPuV;https://twitter.com/i/web/status/1132909955315642368;;;12;63;Hesarin skitsofreninen uutisointi EU-vaalien tuloksesta. Samoissa artikkeleissa kerrotaan oikeistopopulistien sekÃ¤ hÃ¤vinneen ettÃ¤ voittaneen EU-vaalit. ;ğŸ˜²ğŸ¤”, ğŸ’©;The entire skitsofrenista of news reporting the EU-election results. In the same article describes the right-wing populists, as well as losing that winning the EU elections.;entire skitsofrenista news reporting euelection results article describes rightwing populists well losing winning eu elections
9;2019-05-29 12:14:16;fi;EUkomissio;Helsinki;EU-vaalit 2019 â€“ onko EU nyt vahvempi vai rikkonaisempi? pohtii apulaispÃ¤Ã¤llikkÃ¶mme @BlassarMaria blogissamme: https://t.co/tWyLkapK4q #EUvaalit2019;https://twitter.com/i/web/status/1133708129483526144;;BlassarMaria;6;15;EU-vaalit 2019 â€“ onko EU nyt vahvempi vai rikkonaisempi? pohtii apulaispÃ¤Ã¤llikkÃ¶mme blogissamme:;;EU elections in 2019 â€“ is the EU now a stronger or more broken? consider the deputy chief of the us on our blog:;eu elections â€“ eu stronger broken consider deputy chief us blog
17;2019-05-28 07:03:39;fi;tasaarvoTANE;Suomi;EU-vaalit ovat takana ja Suomessa valittiin parlamenttiin 7 naista ja 6 miestÃ¤, mikÃ¤ on hieno tulos sukupuolten tasa-arvoisen edustuksen nÃ¤kÃ¶kulmasta! Laajempaa analyysia EU-vaalien tuloksesta sukupuolinÃ¤kÃ¶kulmasta koko EU:n alueella lÃ¶ytyy @EUGenDemâ€‹in blogista. #EUvaalit2019 https://t.co/K7XwnwYQYY;https://twitter.com/i/web/status/1133267574500864000;;;5;14;EU-vaalit ovat takana ja Suomessa valittiin parlamenttiin 7 naista ja 6 miestÃ¤, mikÃ¤ on hieno tulos sukupuolten tasa-arvoisen edustuksen nÃ¤kÃ¶kulmasta! Laajempaa analyysia EU-vaalien tuloksesta sukupuolinÃ¤kÃ¶kulmasta koko EU:n alueella lÃ¶ytyy â€‹in blogista.;;The EU elections are behind and Finland was elected to parliament 7 women and 6 men, which is a great result for the gender equality of representation point of view! A broader analysis of european election results from a gender perspective the whole of the EU area can be found in the blog.;eu elections behind finland elected parliament women men great result gender equality representation point view broader analysis european election results gender perspective whole eu area found blog
6;2019-05-27 06:11:02;et;kristjanlepik;;1/ Euroopa Parlamendi valimiste kokkuvÃµte: suurepÃ¤rane Marina Kaljuranna sÃµit, tÃµsised hÃ¤irekellad Keskerakonnale ning Euroopas ei domineerinud paremÃ¤Ã¤rmuslased, vaid tugevad hoopis rohelised suunad. #valimised LÃµng allpool:;https://twitter.com/i/web/status/1132891943833427969;;;2;12;1/ Euroopa Parlamendi valimiste kokkuvÃµte: suurepÃ¤rane Marina Kaljuranna sÃµit, tÃµsised hÃ¤irekellad Keskerakonnale ning Euroopas ei domineerinud paremÃ¤Ã¤rmuslased, vaid tugevad hoopis rohelised suunad. LÃµng allpool:;;1/ elections to the European Parliament summary: an excellent Marina kaljurand the race, serious alarm bells Party, and in Europe is dominated by right-wing extremists, but strong instead of green directions. Thread below:;elections european parliament summary excellent marina kaljurand race serious alarm bells party europe dominated rightwing extremists strong instead green directions thread
3;2019-05-28 06:45:31;et;KuusikPiret;Tallinn, Estonia;"""Olukorrast Riigis Erisaade: Euroopa Parlamendi Valimised 2019"" | 
Saate teises pooles rÃ¤Ã¤kisime koos @lobjakas, @AKarnau ja TÃµnis Saartsiga valimiste tulemustest, Eestist laiemalt ning natukene Euroopast ka @raadio2 | Kuula siit: https://t.co/79DHfTDeuj";https://twitter.com/i/web/status/1133263009026121731;;lobjakas;1;2;"""Olukorrast Riigis Erisaade: Euroopa Parlamendi Valimised 2019"" | Saate teises pooles rÃ¤Ã¤kisime koos , ja TÃµnis Saartsiga valimiste tulemustest, Eestist laiemalt ning natukene Euroopast ka | Kuula siit:";;"""The situation in the Country Erisaade: the European Parliament elections in 2019"" | you Can in the second half we talked with , and TÃµnis Saartsiga election results, from Estonia to wider, and a little bit of Europe in the | Listen here:";situation country erisaade european parliament elections second half talked tÃµnis saartsiga election results estonia wider little bit europe listen
7;2019-05-27 05:31:00;et;HansVre;;Heitsin kiire pilgu Facebooki ja Twitterisse ja sain aru, et Euroopa Parlamendi valimised vÃµitis Soome.;;;;0;11;Heitsin kiire pilgu Facebooki ja Twitterisse ja sain aru, et Euroopa Parlamendi valimised vÃµitis Soome.;;Emissions I a quick look at Facebook and Twitter, and I realized that the European Parliament elections, won by the Finnish.;emissions quick look facebook twitter realized european parliament elections finnish
3191;2019-05-27 20:07:51;es;hermanntertsch;;Los medios espaÃ±oles ocultan los hechos clave de las elecciones europeas: Merkel y Macron han sufrido una catÃ¡strofe electoral, el apaÃ±o clÃ¡sico de PPE y GSocialista por primera vez no suma mayorÃ­a y el socialismo avanza a la desapariciÃ³n, salvando aÃºn a su anomalÃ­a espaÃ±ola.;https://twitter.com/i/web/status/1133102535672307713;;;1351;2687;Los medios espaÃ±oles ocultan los hechos clave de las elecciones europeas: Merkel y Macron han sufrido una catÃ¡strofe electoral, el apaÃ±o clÃ¡sico de PPE y GSocialista por primera vez no suma mayorÃ­a y el socialismo avanza a la desapariciÃ³n, salvando aÃºn a su anomalÃ­a espaÃ±ola.;;The Spanish media hide the key facts of the european elections: Merkel and Macron have suffered an electoral catastrophe, the hack classic of PPE and GSocialista for the first time does not amount to majority and socialism is advancing to the disappearance, saving even his abnormality Spanish.;spanish media hide key facts european elections merkel macron suffered electoral catastrophe hack classic ppe gsocialista first time amount majority socialism advancing disappearance saving even abnormality spanish
630;2019-05-31 13:57:28;es;elrepublicanet;PaÃ­s ValenciÃ ;No soy catalÃ¡n, pero las pasadas elecciones europeas fui uno de los 1.025.411 votantes del MHP Carles Puigdemont. EjercÃ­ libremente mi elecciÃ³n a un ciudadano LIBRE y ELEGIBLE es por eso que EXIJO hacer efectivo mi voto y otros 1.025.411 dÃ¡ndoles voz en Europa a travÃ©s de @KRLS;;;KRLS;1261;3719;No soy catalÃ¡n, pero las pasadas elecciones europeas fui uno de los 1.025.411 votantes del MHP Carles Puigdemont. EjercÃ­ libremente mi elecciÃ³n a un ciudadano LIBRE y ELEGIBLE es por eso que EXIJO hacer efectivo mi voto y otros 1.025.411 dÃ¡ndoles voz en Europa a travÃ©s de;;I'm not Catalan, but the last european elections I was one of the 1.025.411 voters of MHP, Carles Puigdemont. I worked freely my choice to be a FREE citizen and ELIGIBLE is for this reason that I DEMAND to do cash my vote and other 1.025.411 them to have a voice in Europe through;im catalan last european elections one voters mhp carles puigdemont worked freely choice free citizen eligible reason demand cash vote voice europe
3107;2019-05-27 20:59:50;es;sanchezcastejon;;Excelente sintonÃ­a con @EmmanuelMacron. Hemos repasado los resultados de las elecciones europeas desde un enfoque europeo y nacional. Compartimos el deseo de trabajar estrechamente desde postulados europeÃ­stas y progresistas, en una alianza de claro rechazo a la ultraderecha. https://t.co/C6QeHvcB40;https://twitter.com/i/web/status/1133115619975598080;;EmmanuelMacron;1186;3905;Excelente sintonÃ­a con . Hemos repasado los resultados de las elecciones europeas desde un enfoque europeo y nacional. Compartimos el deseo de trabajar estrechamente desde postulados europeÃ­stas y progresistas, en una alianza de claro rechazo a la ultraderecha.;;Excellent tune with . We have reviewed the results of the european elections from a european approach and national. We share the desire of working closely from postulates pro-european and progressive, an alliance of the clear rejection of the right wing.;excellent tune reviewed results european elections european approach national share desire working closely postulates proeuropean progressive alliance clear rejection right wing
24217;2019-05-27 06:55:20;en;JuliaHB1;London;"Leave wins 52% in the EU referendum in 2016. Remoaners: but not by enough.
Leave wins 80%+ the 2017 general election. Remoaners: but it wasnâ€™t clear.
Leave wins 2019 European elections. Remoaners: but the combined vote of the Remain losers is higher.
Anyone seeing a pattern here?";https://twitter.com/i/web/status/1132903094952628225;;;7078;19274;Leave wins 52% in the EU referendum in 2016. Remoaners: but not by enough. Leave wins 80%+ the 2017 general election. Remoaners: but it wasnâ€™t clear. Leave wins 2019 European elections. Remoaners: but the combined vote of the Remain losers is higher. Anyone seeing a pattern here?;;Leave wins 52% in the EU referendum in 2016. Remoaners: but not by enough. Leave wins 80%+ the 2017 general election. Remoaners: but it wasnâ€™t clear. Leave wins 2019 European elections. Remoaners: but the combined vote of the Remain losers is higher. Anyone seeing a pattern here?;leave wins eu referendum remoaners enough leave wins general election remoaners wasnâ€™t clear leave wins european elections remoaners combined vote remain losers higher anyone seeing pattern
17787;2019-05-27 12:35:25;en;DaveWardGS;United Kingdom;When you find out Tommy Robinson got smashed in the European elections... ğŸ•ºğŸ¤£ #EuropeanElectionResults #EUElectionResults https://t.co/khlhWP5zbl;https://twitter.com/i/web/status/1132988677360103424;EuropeanElectionResults;;4750;16273;When you find out Tommy Robinson got smashed in the European elections... ;ğŸ•ºğŸ¤£;When you find out Tommy Robinson got smashed in the European elections... ;find tommy robinson got smashed european elections
4600;2019-05-29 20:41:46;en;KRLS;Brussels, Belgium;"We won the elections in Catalonia... but the ""democratic"" general secretary of the European Parliament considers that our voters are less respectable than the rest. Is this the real european democracy? We will to continue fighting for freedom, for human rights. And we will do it. https://t.co/LpqkLuz6wT";https://twitter.com/POLITICOEurope/status/1133826100759617537;;;3842;6644;"We won the elections in Catalonia... but the ""democratic"" general secretary of the European Parliament considers that our voters are less respectable than the rest. Is this the real european democracy? We will to continue fighting for freedom, for human rights. And we will do it.";;"We won the elections in Catalonia... but the ""democratic"" general secretary of the European Parliament considers that our voters are less respectable than the rest. Is this the real european democracy? We will to continue fighting for freedom, for human rights. And we will do it.";elections catalonia democratic general secretary european parliament considers voters less respectable rest real european democracy continue fighting freedom human rights
3128;2019-05-27 18:26:48;el;omadaalithias;;"Î¦ÎµÏÎ³ÎµÎ¹ ÏŒÏ€Ï‰Ï‚ Î®ÏÎ¸Îµ. ÎœÎµ ÏˆÎ­Î¼Î±Ï„Î±.
Î¤ÏƒÎ¯Ï€ÏÎ±Ï‚: Î”ÎµÎ½ Î¶Î®Ï„Î·ÏƒÎ± ÎµÎ³Ï Î¬Î¼ÎµÏƒÎ± ÎµÎ¸Î½Î¹ÎºÎ­Ï‚ ÎµÎºÎ»Î¿Î³Î­Ï‚ Ï„Î¿ 2014 Î¼ÎµÏ„Î¬ Ï„Î¹Ï‚ Î•Ï…ÏÏ‰ÎµÎºÎ»Î¿Î³Î­Ï‚ https://t.co/ARlVcqnFb8";;;;366;925;Î¦ÎµÏÎ³ÎµÎ¹ ÏŒÏ€Ï‰Ï‚ Î®ÏÎ¸Îµ. ÎœÎµ ÏˆÎ­Î¼Î±Ï„Î±. Î¤ÏƒÎ¯Ï€ÏÎ±Ï‚: Î”ÎµÎ½ Î¶Î®Ï„Î·ÏƒÎ± ÎµÎ³Ï Î¬Î¼ÎµÏƒÎ± ÎµÎ¸Î½Î¹ÎºÎ­Ï‚ ÎµÎºÎ»Î¿Î³Î­Ï‚ Ï„Î¿ 2014 Î¼ÎµÏ„Î¬ Ï„Î¹Ï‚ Î•Ï…ÏÏ‰ÎµÎºÎ»Î¿Î³Î­Ï‚;;He leaves as he came. With lies. Tsipras: I didn't ask directly national elections in 2014 after the european Elections;leaves came lies tsipras didnt ask directly national elections european elections
408;2019-06-01 07:28:50;el;omadaalithias;;"""ÎœÎ·Î½ Ï€Î¬ÏÎµÏ„Îµ ÎºÎ±Î¼Î¯Î± ÎºÏÎ¯ÏƒÎ¹Î¼Î· Î±Ï€ÏŒÏ†Î±ÏƒÎ· Ï‡Ï‰ÏÎ¯Ï‚ Ï„Î· Î´Î¹ÎºÎ® Î¼Î±Ï‚ ÏƒÏ…Î½Î±Î¯Î½ÎµÏƒÎ·"" Ï†ÏÎ½Î±Î¶Îµ Î¼ÎµÏ„Î¬ Ï„Î¹Ï‚ Î•Ï…ÏÏ‰ÎµÎºÎ»Î¿Î³Î­Ï‚ Ï„Î¿Ï… 2014 Ï€Î¿Ï… ÎºÎ­ÏÎ´Î¹ÏƒÎµ Î¼Îµ Î¼ÏŒÎ»Î¹Ï‚ 3,8%.
Î¤ÏÏÎ± Ï„ÏÎ­Ï‡ÎµÎ¹ Î½Î± Î´Î¹Î¿ÏÎ¯ÏƒÎµÎ¹ Ï„Î·Î½ Î·Î³ÎµÏƒÎ¯Î± Ï„Î·Ï‚ Î´Î¹ÎºÎ±Î¹Î¿ÏƒÏÎ½Î·Ï‚. https://t.co/FhuqZ8mXkP";;;;355;873;"""ÎœÎ·Î½ Ï€Î¬ÏÎµÏ„Îµ ÎºÎ±Î¼Î¯Î± ÎºÏÎ¯ÏƒÎ¹Î¼Î· Î±Ï€ÏŒÏ†Î±ÏƒÎ· Ï‡Ï‰ÏÎ¯Ï‚ Ï„Î· Î´Î¹ÎºÎ® Î¼Î±Ï‚ ÏƒÏ…Î½Î±Î¯Î½ÎµÏƒÎ·"" Ï†ÏÎ½Î±Î¶Îµ Î¼ÎµÏ„Î¬ Ï„Î¹Ï‚ Î•Ï…ÏÏ‰ÎµÎºÎ»Î¿Î³Î­Ï‚ Ï„Î¿Ï… 2014 Ï€Î¿Ï… ÎºÎ­ÏÎ´Î¹ÏƒÎµ Î¼Îµ Î¼ÏŒÎ»Î¹Ï‚ 3,8%. Î¤ÏÏÎ± Ï„ÏÎ­Ï‡ÎµÎ¹ Î½Î± Î´Î¹Î¿ÏÎ¯ÏƒÎµÎ¹ Ï„Î·Î½ Î·Î³ÎµÏƒÎ¯Î± Ï„Î·Ï‚ Î´Î¹ÎºÎ±Î¹Î¿ÏƒÏÎ½Î·Ï‚.";;"""Don't take any critical decision without our consent,"" he shouted after the european Elections of 2014, which won just 3.8%. Now run to appoint the leadership of the justice.";dont take critical decision without consent shouted european elections run appoint leadership justice
1172;2019-05-30 06:47:38;el;omadaalithias;;"Î‘Î¼Î­ÏƒÏ‰Ï‚ Î¼ÎµÏ„Î¬ Ï„Î¹Ï‚ ÎµÏ…ÏÏ‰ÎµÎºÎ»Î¿Î³Î­Ï‚ Ï„Î¿Ï… 2014 Î²Î³Î®ÎºÎµ ÎºÎ±Î¹ ÎµÎ¯Ï€Îµ Ï€Ï‰Ï‚ Î· ÎºÏ…Î²Î­ÏÎ½Î·ÏƒÎ· Î´Îµ Î½Î¿Î¼Î¹Î¼Î¿Ï€Î¿Î¹ÎµÎ¯Ï„Î±Î¹ Î·Î¸Î¹ÎºÎ¬ ÎºÎ±Î¹ Ï€Î¿Î»Î¹Ï„Î¹ÎºÎ¬ Î½Î± Î´ÎµÏƒÎ¼ÎµÏÎµÎ¹ Ï„Î· Ï‡ÏÏÎ± Î¼Îµ Î±Ï€Î¿Ï†Î¬ÏƒÎµÎ¹Ï‚.

Î¤ÏÏÎ± ÎµÎ½Ï Î­Ï‡ÎµÎ¹ Ï€Î­ÏƒÎµÎ¹, Î¸Î­Î»ÎµÎ¹ Î½Î± Î¿ÏÎ¯ÏƒÎµÎ¹ Î¿ Î¯Î´Î¹Î¿Ï‚ Ï„Î· Î½Î­Î± Î·Î³ÎµÏƒÎ¯Î± ÏƒÏ„Î· Î”Î¹ÎºÎ±Î¹Î¿ÏƒÏÎ½Î·. https://t.co/2au07P7U9D";https://twitter.com/i/web/status/1133988317924659201;;;200;511;Î‘Î¼Î­ÏƒÏ‰Ï‚ Î¼ÎµÏ„Î¬ Ï„Î¹Ï‚ ÎµÏ…ÏÏ‰ÎµÎºÎ»Î¿Î³Î­Ï‚ Ï„Î¿Ï… 2014 Î²Î³Î®ÎºÎµ ÎºÎ±Î¹ ÎµÎ¯Ï€Îµ Ï€Ï‰Ï‚ Î· ÎºÏ…Î²Î­ÏÎ½Î·ÏƒÎ· Î´Îµ Î½Î¿Î¼Î¹Î¼Î¿Ï€Î¿Î¹ÎµÎ¯Ï„Î±Î¹ Î·Î¸Î¹ÎºÎ¬ ÎºÎ±Î¹ Ï€Î¿Î»Î¹Ï„Î¹ÎºÎ¬ Î½Î± Î´ÎµÏƒÎ¼ÎµÏÎµÎ¹ Ï„Î· Ï‡ÏÏÎ± Î¼Îµ Î±Ï€Î¿Ï†Î¬ÏƒÎµÎ¹Ï‚. Î¤ÏÏÎ± ÎµÎ½Ï Î­Ï‡ÎµÎ¹ Ï€Î­ÏƒÎµÎ¹, Î¸Î­Î»ÎµÎ¹ Î½Î± Î¿ÏÎ¯ÏƒÎµÎ¹ Î¿ Î¯Î´Î¹Î¿Ï‚ Ï„Î· Î½Î­Î± Î·Î³ÎµÏƒÎ¯Î± ÏƒÏ„Î· Î”Î¹ÎºÎ±Î¹Î¿ÏƒÏÎ½Î·.;;Immediately after the european elections of 2014, he came out and said that the government has no standing morally and politically to commit the country with decisions. Now while he has fallen, he wants to appoint himself the new leadership to Justice.;immediately european elections came said government standing morally politically commit country decisions fallen wants appoint new leadership justice
4990;2019-05-28 16:00:00;de;_FriedrichMerz;Deutschland;Nach dieser #Europawahl muss sich die @CDU fragen, warum wir nach 14 Jahren #Klimakanzlerin unsere Klimaziele verfehlen, Haushalte und Unternehmen mit den hÃ¶chsten Strompreisen Europas belasten und die strategische und kulturelle Kontrolle Ã¼ber das Thema verloren haben. (TeamFM) https://t.co/47O1AH1cKF;https://twitter.com/i/web/status/1133402551360151553;Europawahl, Klimakanzlerin;CDU;973;3943;Nach dieser muss sich die fragen, warum wir nach 14 Jahren unsere Klimaziele verfehlen, Haushalte und Unternehmen mit den hÃ¶chsten Strompreisen Europas belasten und die strategische und kulturelle Kontrolle Ã¼ber das Thema verloren haben. (TeamFM);;After this, the questions why we, after 14 years, our climate, miss, households and businesses with the highest electricity prices in Europe, and strategic and cultural control over the issue have lost must. (TeamFM);questions years climate miss households businesses highest electricity prices europe strategic cultural control issue lost must teamfm
1039;2019-06-01 12:25:13;de;Wahlen_DE;Deutschland;"Die erste #Sonntagsfrage zur #Bundestagswahl (#btw #btw21) nach der #Europawahl, vom 01.06.2019

Forsa fÃ¼r RTL/n-tv:

GRÃœNE: 27% (+9)
CDU/CSU: 26% (-2)
SPD: 12% (-5)
AfD: 11% (-2)
FDP: 8%
LINKE: 7% (-1)
Sonstige: 9% (+1)

+/- zur letzten #Umfrage vom 27.05.2019 https://t.co/OeI00RrRBm";;Sonntagsfrage, Bundestagswahl, btw, btw21, Europawahl, Umfrage;;952;2856;Die erste zur ( ) nach der , vom 01.06.2019 Forsa fÃ¼r RTL/n-tv: GRÃœNE: 27% (+9) CDU/CSU: 26% (-2) SPD: 12% (-5) AfD: 11% (-2) FDP: 8% LINKE: 7% (-1) Sonstige: 9% (+1) +/- zur letzten vom 27.05.2019;;The first for ( ) after the , from the 01.06.2019 Forsa for RTL/n-tv: GREEN: 27% (+9) CDU/CSU: 26% (-2) SPD: 12% (-5) AfD: 11% (-2) FDP: 8% LEFT-hand: 7% (-1) Other: 9% (+1) +/- the last of 27.05.2019;first forsa rtlntv green cducsu spd afd fdp lefthand last
4816;2019-05-28 17:02:22;de;Alice_Weidel;Berlin, Deutschland;"Das BÃ¼ndnis fÃ¼r Innovation &amp; Gerechtigkeit (BIG) ist eine in Istanbul gegrÃ¼ndete und der AKP nahestehende Partei, die im Stimmbezirk 1001 in #Duisburg satte 35,7 % holte und stÃ¤rkste Kraft ist. Hetze gegen Juden und Homosexuelle gehÃ¶ren zum guten Ton. #unserezukunft #europawahl https://t.co/47FbwVQ8kc";https://twitter.com/i/web/status/1133418247901069312;;;495;1050;"Das BÃ¼ndnis fÃ¼r Innovation &amp; Gerechtigkeit (BIG) ist eine in Istanbul gegrÃ¼ndete und der AKP nahestehende Partei, die im Stimmbezirk 1001 in satte 35,7 % holte und stÃ¤rkste Kraft ist. Hetze gegen Juden und Homosexuelle gehÃ¶ren zum guten Ton.";;"The Alliance for Innovation &amp; justice (BIG) is a Istanbul based and the ACP related party, which won in the voting district 1001 in a whopping 35.7% and the strongest force is. Incitement against Jews and homosexuals belong to the good tone.";alliance innovation amp justice big istanbul based acp related party voting district whopping strongest force incitement jews homosexuals belong good tone
17;2019-05-28 19:48:08;da;LukasJohansenX;;"EU er en katastrofe - og EU-valget viser EU gÃ¥r mot opplÃ¸sning! 

EU-valgets store vinnere: Brexit, Salvini, Le pen, Orban, Farage

De store taperne ble globalistene: Macron, May, Merkel

Godt fra WSJ: The Sick Man of Europe Is Europe #Debatten #NRKDebatt

https://t.co/xHTRHnlY13";https://twitter.com/i/web/status/1133459963223912450;;;8;23;EU er en katastrofe - og EU-valget viser EU gÃ¥r mot opplÃ¸sning! EU-valgets store vinnere: Brexit, Salvini, Le pen, Orban, Farage De store taperne ble globalistene: Macron, May, Merkel Godt fra WSJ: The Sick Man of Europe Is Europe;;The EU is a disaster - and the EU-elections show the EU is mot opplÃ¸sning! The EU-election-big vinnere: Brexit, Salvini, Le pen, Orban, Farage, The big taperne diaper globalistene: Macron, May, Merkel Good from the WSJ: The Sick Man of Europe Is Europe;eu disaster euelections show eu mot opplÃ¸sning euelectionbig vinnere brexit salvini le pen orban farage big taperne diaper globalistene macron may merkel good wsj sick man europe europe
51;2019-05-27 09:35:35;da;ClausEkstrom;University of Copenhagen;"Jeg har skrevet lidt om sammenvejning af prognoser og prÃ¦diktioner for det kommende folketingsvalg (fra fÃ¸r resultatet af EU-valget lÃ¸b ind).  https://t.co/I56KEAVQeA

Vil du vÃ¦re med i en ""konkurrence"" om at prÃ¦diktere valgresultatet, sÃ¥ deltag pÃ¥ https://t.co/EqooSWc2j2 https://t.co/yJXCfEi0Us";https://twitter.com/i/web/status/1132943421394554880;;;6;7;"Jeg har skrevet lidt om sammenvejning af prognoser og prÃ¦diktioner for det kommende folketingsvalg (fra fÃ¸r resultatet af EU-valget lÃ¸b ind). Vil du vÃ¦re med i en ""konkurrence"" om at prÃ¦diktere valgresultatet, sÃ¥ deltag pÃ¥";;"I have written a bit about the combined weighting of forecasts, and prÃ¦diktioner for the upcoming election (prior to the outcome of the EU elections ran into). You will be in a ""competition"" to prÃ¦diktere the result of the election, so join the";written bit combined weighting forecasts prÃ¦diktioner upcoming election prior outcome eu elections ran competition prÃ¦diktere result election join
46;2019-05-27 11:33:01;da;terje_alnes;;"Hva er alt dette stÃ¥ket om EU-valget? EU-parlamentet mÃ¥ ikke forveksles med et ordentlig parlament med makt. EU er ikke demokratisk, det er et psuedo-demokrati. 

https://t.co/msJam9Aq6s";https://twitter.com/i/web/status/1132972974523506690;;;2;6;Hva er alt dette stÃ¥ket om EU-valget? EU-parlamentet mÃ¥ ikke forveksles med et ordentlig parlament med makt. EU er ikke demokratisk, det er et psuedo-demokrati.;;What is all this stÃ¥ket about the EU elections? The EU parliament must not be confused with a proper parliament with the authority. The EU is not democratic, it is a psuedo-democracy.;stÃ¥ket eu elections eu parliament must confused proper parliament authority eu democratic psuedodemocracy
4;2019-06-01 13:51:53;cs;Posledniskaut;Pyongyang - BeneÅ¡ov - Muqdisho;"UÅ¾ to @prchal vytÃ¡hl? 
""Ãšnik zprÃ¡vy EvropskÃ© komise do mÃ©diÃ­ je jednoznaÄnÄ› ÃºÄelovÃ¡ zÃ¡leÅ¾itost s cÃ­lem ovlivnit blÃ­Å¾Ã­cÃ­ se podzimnÃ­ senÃ¡tnÃ­ a krajskÃ© volby 2020.""";;;prchal;7;369;"UÅ¾ to vytÃ¡hl? ""Ãšnik zprÃ¡vy EvropskÃ© komise do mÃ©diÃ­ je jednoznaÄnÄ› ÃºÄelovÃ¡ zÃ¡leÅ¾itost s cÃ­lem ovlivnit blÃ­Å¾Ã­cÃ­ se podzimnÃ­ senÃ¡tnÃ­ a krajskÃ© volby 2020.""";;"I pulled it out? ""The leak of a European commission report to the media is clearly a specific issue with a view to influence the approaching autumn senate and regional elections in 2020.""";pulled leak european commission report media clearly specific issue view influence approaching autumn senate regional elections
105;2019-05-27 10:59:17;cs;999Leviatan;Czech Republic;"""SociÃ¡lnÃ­ demokracie svÃ©ho pÅ¯vodnÃ­ho voliÄe zaÄala oznaÄovat za xenofoba, homofoba a tak dÃ¡le, a on zÄÃ¡sti pÅ™eÅ¡el k Okamurovi a zÄÃ¡sti k ANO. My jsme se z fÃ¡ze nezÃ¡jmu dostali k nenÃ¡visti. PÅ¯vodnÃ­ voliÄ nÃ¡s zaÄal nenÃ¡vidÄ›t a ten vÃ½sledek je tady.""https://t.co/cwOZD7SpyX";https://twitter.com/i/web/status/1132964486804070400;;;5;42;"""SociÃ¡lnÃ­ demokracie svÃ©ho pÅ¯vodnÃ­ho voliÄe zaÄala oznaÄovat za xenofoba, homofoba a tak dÃ¡le, a on zÄÃ¡sti pÅ™eÅ¡el k Okamurovi a zÄÃ¡sti k ANO. My jsme se z fÃ¡ze nezÃ¡jmu dostali k nenÃ¡visti. PÅ¯vodnÃ­ voliÄ nÃ¡s zaÄal nenÃ¡vidÄ›t a ten vÃ½sledek je tady.""";;"""The social democracy of his original voters began to call xenofoba, homophobe and so on, and he partly switched to Okamurovi and partly to YES. We are from a phase of lack of interest got to hate. The original dial us began to hate and the result is here.""";social democracy original voters began call xenofoba homophobe partly switched okamurovi partly yes phase lack interest got hate original dial us began hate result
117;2019-05-27 07:23:43;cs;SvecKamil;;"ZajÃ­mÃ¡ vÃ¡s interpretace voleb? DoporuÄuji vaÅ¡Ã­ pozornosti web @CT24zive. S @LukHajek jsme celou noc psali analÃ½zy, abyste je mÄ›li k dospozici. Zde tÅ™eba analÃ½za vÃ½sledku @CSSD. Na webu najdete i interaktivnÃ­ mapy a dalÅ¡Ã­ ÄlÃ¡nky budou pÅ™ibÃ½vat. #volbyEP
https://t.co/COTcjJ2sw0";https://twitter.com/i/web/status/1132910236283658240;;CT24zive, LukHajek;5;19;ZajÃ­mÃ¡ vÃ¡s interpretace voleb? DoporuÄuji vaÅ¡Ã­ pozornosti web . S jsme celou noc psali analÃ½zy, abyste je mÄ›li k dospozici. Zde tÅ™eba analÃ½za vÃ½sledku . Na webu najdete i interaktivnÃ­ mapy a dalÅ¡Ã­ ÄlÃ¡nky budou pÅ™ibÃ½vat.;;Are you interested in the interpretation of the election? I recommend to your attention the web . With we all night writing the analysis, you can have them avaible. Here, the analysis must result . On the website you can also find interactive maps and more articles will increase.;interested interpretation election recommend attention web night writing analysis avaible analysis must result website also find interactive maps articles increase
22;2019-05-27 09:11:52;bg;Europarl_BG;Ğ‘Ñ€ÑĞºÑĞµĞ»/Ğ¡Ñ‚Ñ€Ğ°ÑĞ±ÑƒÑ€Ğ³;Ğ•Ğ²Ñ€Ğ¾Ğ¿ĞµĞ¹ÑĞºĞ¸ Ğ¸Ğ·Ğ±Ğ¾Ñ€Ğ¸: ĞĞºÑ‚ÑƒĞ°Ğ»Ğ¸Ğ·Ğ¸Ñ€Ğ°Ğ½Ğ¸ Ğ¿Ñ€Ğ¾Ğ³Ğ½Ğ¾Ğ·Ğ¸ ĞºÑŠĞ¼ 27/05 11:18 Ñ‡Ğ°ÑĞ° Ğ±ÑŠĞ»Ğ³. Ğ²Ñ€ĞµĞ¼Ğµ Ğ·Ğ° Ñ€Ğ°Ğ·Ğ¿Ñ€ĞµĞ´ĞµĞ»ĞµĞ½Ğ¸ĞµÑ‚Ğ¾ Ğ½Ğ° Ğ¼ĞµÑÑ‚Ğ°Ñ‚Ğ° Ğ² Ğ•ĞŸ Ğ¿Ğ¾ Ğ¿Ğ¾Ğ»Ğ¸Ñ‚Ğ¸Ñ‡ĞµÑĞºĞ¸ Ğ³Ñ€ÑƒĞ¿Ğ¸. Ğ¡Ğ»ĞµĞ´ĞµÑ‚Ğµ Ñ€ĞµĞ·ÑƒĞ»Ñ‚Ğ°Ñ‚Ğ¸Ñ‚Ğµ Ğ¾Ñ‚ Ğ¸Ğ·Ğ±Ğ¾Ñ€Ğ¸Ñ‚Ğµ Ğ½Ğ° https://t.co/PbaUE014UU https://t.co/2C5tJGsGL2;https://twitter.com/i/web/status/1132937454288330752;;;1;1;Ğ•Ğ²Ñ€Ğ¾Ğ¿ĞµĞ¹ÑĞºĞ¸ Ğ¸Ğ·Ğ±Ğ¾Ñ€Ğ¸: ĞĞºÑ‚ÑƒĞ°Ğ»Ğ¸Ğ·Ğ¸Ñ€Ğ°Ğ½Ğ¸ Ğ¿Ñ€Ğ¾Ğ³Ğ½Ğ¾Ğ·Ğ¸ ĞºÑŠĞ¼ 27/05 11:18 Ñ‡Ğ°ÑĞ° Ğ±ÑŠĞ»Ğ³. Ğ²Ñ€ĞµĞ¼Ğµ Ğ·Ğ° Ñ€Ğ°Ğ·Ğ¿Ñ€ĞµĞ´ĞµĞ»ĞµĞ½Ğ¸ĞµÑ‚Ğ¾ Ğ½Ğ° Ğ¼ĞµÑÑ‚Ğ°Ñ‚Ğ° Ğ² Ğ•ĞŸ Ğ¿Ğ¾ Ğ¿Ğ¾Ğ»Ğ¸Ñ‚Ğ¸Ñ‡ĞµÑĞºĞ¸ Ğ³Ñ€ÑƒĞ¿Ğ¸. Ğ¡Ğ»ĞµĞ´ĞµÑ‚Ğµ Ñ€ĞµĞ·ÑƒĞ»Ñ‚Ğ°Ñ‚Ğ¸Ñ‚Ğµ Ğ¾Ñ‚ Ğ¸Ğ·Ğ±Ğ¾Ñ€Ğ¸Ñ‚Ğµ Ğ½Ğ°;;European elections: Updated projections to 27/05 11:18 hours B. time for apportionment of seats in the European Parliament political groups. Follow the election results;european elections updated projections hours b time apportionment seats european parliament political groups follow election results
15;2019-05-28 08:30:26;bg;nicodile;London, England;Ğ’Ñ‚Ğ¾Ñ€Ğ¾, Ğ¼ĞµĞ¶Ğ´Ñƒ Ğ¿Ñ€ĞµĞ´ÑÑ‚Ğ°Ğ²ÑĞ½ĞµÑ‚Ğ¾ Ğ½Ğ° ĞµĞ²Ñ€Ğ¾Ğ¿ĞµĞ¹ÑĞºĞ¸ Ğ¸Ğ·Ğ±Ğ¾Ñ€Ğ¸ Ğ¸ Ğ´Ñ€ÑƒĞ³Ğ¸Ñ‚Ğµ Ñ‚Ñ€Ğ¸ Ğ²Ğ¸Ğ´Ğ° Ğ¸Ğ·Ğ±Ğ¾Ñ€Ğ¸, Ğ¾ÑĞ¾Ğ±ĞµĞ½Ğ¾ Ğ¿Ñ€Ğ¸ Ğ¼Ğ°Ğ»ĞºĞ¸ Ğ¿Ğ°Ñ€Ñ‚Ğ¸Ğ¸, Ğ½ÑĞ¼Ğ° ÑĞ¸Ğ»Ğ½Ğ° ĞºĞ¾Ñ€ĞµĞ»Ğ°Ñ†Ğ¸Ñ. Ğ Ğ°Ğ·Ğ»Ğ¸Ñ‡Ğ½Ğ¸Ñ‚Ğµ Ğ²Ğ¸Ğ´Ğ¾Ğ²Ğµ ĞµĞ»ĞµĞºÑ‚Ğ¾Ñ€Ğ°Ñ‚ Ñ€ĞµĞ°Ğ³Ğ¸Ñ€Ğ°Ñ‚ Ñ€Ğ°Ğ·Ğ»Ğ¸Ñ‡Ğ½Ğ¾ Ğ½Ğ° Ñ€Ğ°Ğ·Ğ»Ğ¸Ñ‡Ğ½Ğ¸Ñ‚Ğµ Ğ²Ğ¸Ğ´Ğ¾Ğ²Ğµ Ğ¸Ğ·Ğ±Ğ¾Ñ€Ğ¸. Ğ—Ğ° Ğ³Ñ€Ğ°Ğ´ÑĞºĞ¸Ñ‚Ğµ Ğ»Ğ¸Ğ±ĞµÑ€Ğ°Ğ»Ğ¸ ĞµĞ²Ñ€Ğ¾Ğ¸Ğ·Ğ±Ğ¾Ñ€Ğ¸Ñ‚Ğµ Ğ¸ Ğ¿Ğ°Ñ€Ğ»Ğ°Ğ¼ĞµĞ½Ñ‚Ğ°Ñ€Ğ½Ğ¸Ñ‚Ğµ ÑĞ° Ğ¿Ğ¾-Ğ²Ğ°Ğ¶Ğ½Ğ¸ Ğ¾Ñ‚ Ğ¿Ñ€ĞµĞ·Ğ¸Ğ´ĞµĞ½Ñ‚ÑĞºĞ¸Ñ‚Ğµ;https://twitter.com/i/web/status/1133289412152963073;;;0;2;Ğ’Ñ‚Ğ¾Ñ€Ğ¾, Ğ¼ĞµĞ¶Ğ´Ñƒ Ğ¿Ñ€ĞµĞ´ÑÑ‚Ğ°Ğ²ÑĞ½ĞµÑ‚Ğ¾ Ğ½Ğ° ĞµĞ²Ñ€Ğ¾Ğ¿ĞµĞ¹ÑĞºĞ¸ Ğ¸Ğ·Ğ±Ğ¾Ñ€Ğ¸ Ğ¸ Ğ´Ñ€ÑƒĞ³Ğ¸Ñ‚Ğµ Ñ‚Ñ€Ğ¸ Ğ²Ğ¸Ğ´Ğ° Ğ¸Ğ·Ğ±Ğ¾Ñ€Ğ¸, Ğ¾ÑĞ¾Ğ±ĞµĞ½Ğ¾ Ğ¿Ñ€Ğ¸ Ğ¼Ğ°Ğ»ĞºĞ¸ Ğ¿Ğ°Ñ€Ñ‚Ğ¸Ğ¸, Ğ½ÑĞ¼Ğ° ÑĞ¸Ğ»Ğ½Ğ° ĞºĞ¾Ñ€ĞµĞ»Ğ°Ñ†Ğ¸Ñ. Ğ Ğ°Ğ·Ğ»Ğ¸Ñ‡Ğ½Ğ¸Ñ‚Ğµ Ğ²Ğ¸Ğ´Ğ¾Ğ²Ğµ ĞµĞ»ĞµĞºÑ‚Ğ¾Ñ€Ğ°Ñ‚ Ñ€ĞµĞ°Ğ³Ğ¸Ñ€Ğ°Ñ‚ Ñ€Ğ°Ğ·Ğ»Ğ¸Ñ‡Ğ½Ğ¾ Ğ½Ğ° Ñ€Ğ°Ğ·Ğ»Ğ¸Ñ‡Ğ½Ğ¸Ñ‚Ğµ Ğ²Ğ¸Ğ´Ğ¾Ğ²Ğµ Ğ¸Ğ·Ğ±Ğ¾Ñ€Ğ¸. Ğ—Ğ° Ğ³Ñ€Ğ°Ğ´ÑĞºĞ¸Ñ‚Ğµ Ğ»Ğ¸Ğ±ĞµÑ€Ğ°Ğ»Ğ¸ ĞµĞ²Ñ€Ğ¾Ğ¸Ğ·Ğ±Ğ¾Ñ€Ğ¸Ñ‚Ğµ Ğ¸ Ğ¿Ğ°Ñ€Ğ»Ğ°Ğ¼ĞµĞ½Ñ‚Ğ°Ñ€Ğ½Ğ¸Ñ‚Ğµ ÑĞ° Ğ¿Ğ¾-Ğ²Ğ°Ğ¶Ğ½Ğ¸ Ğ¾Ñ‚ Ğ¿Ñ€ĞµĞ·Ğ¸Ğ´ĞµĞ½Ñ‚ÑĞºĞ¸Ñ‚Ğµ;;Second, between presentation at the European election and the other three types of elections, especially in small parties there is a strong correlation. Different kinds electorate respond differently to different types of elections. For urban liberals, the Bulgarian Parliament and parliamentary are more important than the presidential;second presentation european election three types elections especially small parties strong correlation different kinds electorate respond differently different types elections urban liberals bulgarian parliament parliamentary important presidential
17;2019-05-27 15:23:29;bg;MONOMlX;;Ñ‚Ğ¸Ñ ĞµĞ²Ñ€Ğ¾Ğ¿ĞµĞ¹ÑĞºĞ¸ Ğ¸Ğ·Ğ±Ğ¾Ñ€Ğ¸ ÑĞ° Ğ½Ğ°Ğ¹-Ğ³Ğ¾Ğ»ÑĞ¼Ğ°Ñ‚Ğ° Ñ„Ğ¸Ğ½Ğ°Ğ½ÑĞ¸Ñ€Ğ°Ğ½Ğ° Ğ¾Ñ‚ Ğ´ÑŠÑ€Ğ¶Ğ°Ğ²Ğ°Ñ‚Ğ° Ğ¿Ñ€Ğ¾ÑÑ‚Ğ¾Ñ‚Ğ¸Ñ;;;;0;2;Ñ‚Ğ¸Ñ ĞµĞ²Ñ€Ğ¾Ğ¿ĞµĞ¹ÑĞºĞ¸ Ğ¸Ğ·Ğ±Ğ¾Ñ€Ğ¸ ÑĞ° Ğ½Ğ°Ğ¹-Ğ³Ğ¾Ğ»ÑĞ¼Ğ°Ñ‚Ğ° Ñ„Ğ¸Ğ½Ğ°Ğ½ÑĞ¸Ñ€Ğ°Ğ½Ğ° Ğ¾Ñ‚ Ğ´ÑŠÑ€Ğ¶Ğ°Ğ²Ğ°Ñ‚Ğ° Ğ¿Ñ€Ğ¾ÑÑ‚Ğ¾Ñ‚Ğ¸Ñ;;these European elections are the largest non-state nonsense;european elections largest nonstate nonsense