created_at,lang,screen_name,location,full_text,urls,tags,mentions,retweet_count,favorite_count
Fri May 31 15:41:28 +0000 2019,cs,S_C_Malek,HlavnÃ­ mÄ›sto Praha,"@Nemcova_Mirka Vazena pani poslankyne, premier rozhodne nebude odstupovat, ceske republice se vede jako nikdy pred tim, skoro nulova nezamestnanost, v porovnani s jinymi zememi v evropske unii jsme v zivotni urovni na uplne spici. Muzete uz konecne skousnout, ze jste ty volby nevyhraliğŸ˜‰",https://twitter.com/i/web/status/1134485049418670082,,Nemcova_Mirka,1,6
Fri May 31 15:00:05 +0000 2019,cs,neviditelnypes,Czech Republic,"EvropskÃ© volby jen lehce naznaÄily, Å¾e v jednotlivÃ½ch ÄlenskÃ½ch zemÃ­ch se tu vÃ­ce, tu mÃ©nÄ› projevuje nespokojenost. https://t.co/wFwNTqTJPD",http://bit.ly/2HK2VtL,,,0,0
Fri May 31 11:06:34 +0000 2019,cs,echoprimecz,HlavnÃ­ mÄ›sto Praha,"EvropskÃ© volby byly svÃ©ho druhu generÃ¡lkou polskÃ© opozice pÅ™ed dÅ¯leÅ¾itÄ›jÅ¡Ã­mi, parlamentnÃ­mi na podzim. A aÄkoliv se pÄ›t stran sjednotilo do stÅ™edolevÃ©ho bloku, vlÃ¡dnoucÃ­ PrÃ¡vo a spravedlnost porazit nedokÃ¡zaly. https://t.co/RMQewpS17G",https://twitter.com/i/web/status/1134415871881949184,,,0,0
Fri May 31 06:00:02 +0000 2019,cs,atomsedlacek,PR.aha! ,"Hra oÂ trÅ¯ny je oÂ EvropÄ›, kterÃ¡ neexistuje. Je oÂ EvropÄ› pÅ™esnÄ› vÂ tÃ© verzi, jak bychom ji nechtÄ›li mÃ­t. https://t.co/rlZ0yRpVSK",https://buff.ly/2WGFjid,,,2,12
Thu May 30 14:43:08 +0000 2019,cs,BoodinN,,"Nu a prÃ¡vÄ› proto, ty idiote z KlausÅ¯ k tÄ›m volbÃ¡m do EU chodÃ­me prÃ¡vÄ› my, co jinak vidÃ­me jakÃ© ÄeÅ¡stvÃ­ tvÃ©ho charakteru by nÃ¡m zÅ¯stalo. PrÃ¡vÄ› kvÅ¯li tobÄ›,... https://t.co/CadcYUAs7v",https://twitter.com/i/web/status/1134107983200346113,,,0,0
Thu May 30 13:19:26 +0000 2019,cs,karelvazler,,"Bravo.....Klaus to vidÃ­ jasnÄ›......HrÅ¯zou je evropskÃ© zelenÃ¡nÃ­, komentuje exprezident Klaus volby do EP https://t.co/yg1e3mHadZ",https://www.lidovky.cz/domov/hruzou-je-evropske-zelenani-komentuje-klaus-evropske-volby.A190529_224914_ln_domov_ele,,,0,1
Thu May 30 12:54:30 +0000 2019,cs,MelkusovaIvana,,"HrÅ¯zou je evropskÃ© zelenÃ¡nÃ­, komentuje exprezident Klaus volby do EP https://t.co/SonfIhMG2O",https://www.lidovky.cz/domov/hruzou-je-evropske-zelenani-komentuje-klaus-evropske-volby.A190529_224914_ln_domov_ele,,,4,17
Thu May 30 12:10:20 +0000 2019,cs,hetzerhetzer,,"MÃ¡ pravdu, pÅ™edseda!
https://t.co/fsSmt4O4f0",https://www.lidovky.cz/domov/hruzou-je-evropske-zelenani-komentuje-klaus-evropske-volby.A190529_224914_ln_domov_ele,,,0,1
Thu May 30 11:08:01 +0000 2019,cs,PravdaVitezi123,,"VÅ¾dy pozitivnÃ­, ÄeskÃ½ Nigel https://t.co/yPnFJ3YKMW druhou stranu to, Å¾e se v britÃ¡nii hroutÃ­ minimÃ¡lnÄ› vÃ½roba aut uÅ¾ do svÃ© glosy nepÅ™idÃ¡vÃ¡...

#KikinaKritizuje

https://t.co/u7tINAXWqT","http://Farange.Na, https://twitter.com/i/web/status/1134053845083013121",,,0,0
Thu May 30 10:49:19 +0000 2019,cs,tcizner,"Drahenice, ÄŒeskÃ¡ republika","HrÅ¯zou je evropskÃ© zelenÃ¡nÃ­, komentuje exprezident Klaus volby do EP | Domov | https://t.co/h1GnQxK3Kt https://t.co/ZeLBusgVCW","http://Lidovky.cz, https://www.lidovky.cz/domov/hruzou-je-evropske-zelenani-komentuje-klaus-evropske-volby.A190529_224914_ln_domov_ele",,,0,0
Thu May 30 10:44:11 +0000 2019,cs,joan_orleans,HlavnÃ­ mÄ›sto Praha,"HrÅ¯zou je evropskÃ© zelenÃ¡nÃ­, komentuje exprezident Klaus volby do EP https://t.co/pLMnpARJmO. serete si snad do vlastnÃ­ho hnÃ­zda???",https://www.lidovky.cz/domov/hruzou-je-evropske-zelenani-komentuje-klaus-evropske-volby,,,0,0
Thu May 30 10:26:41 +0000 2019,cs,StetinaEP,Czech Republic,â€œTen blÃ¡zen Å tetina dal v kampani pro evropskÃ© volby pÅ™ednost â€œvlastnÃ­ ctiâ€ pÅ™ed mandÃ¡tem.â€ Z webovÃ½ch kuloÃ¡ru.,,,,0,18
Thu May 30 10:23:00 +0000 2019,cs,lidovky,"Prague, Czech rep.","HrÅ¯zou je evropskÃ© zelenÃ¡nÃ­, komentuje exprezident Klaus volby do EP https://t.co/TxZVITG17E",http://ldvk.cz/hg0,,,0,2
Thu May 30 10:05:54 +0000 2019,cs,tomas_vandas,ÄŒeskÃ¡ republika,"Nejen. I  nÃ¡rÅ¯st blbosti, gender fanatismu a rÅ¯znÃ½ch Ãºchylek... https://t.co/wCbjpw43JE",https://www.lidovky.cz/domov/hruzou-je-evropske-zelenani-komentuje-klaus-evropske-volby.A190529_224914_ln_domov_ele,,,1,4
Thu May 30 07:13:33 +0000 2019,cs,lednibrtnik,radegast,"tuto fotku zÃ¡vidÃ­ i klimakterickÃ½ vÃ¡clav.
https://t.co/zXvHG78T0J",https://www.lidovky.cz/domov/hruzou-je-evropske-zelenani-komentuje-klaus-evropske-volby.A190529_224914_ln_domov_ele,,,0,0
Thu May 30 06:46:59 +0000 2019,cs,TryAgainGuy,Czech Republic,"HrÅ¯zou je evropskÃ© zelenÃ¡nÃ­, komentuje exprezident Klaus volby do EP | Domov | https://t.co/QqAceHIBgM -
 https://t.co/vbMQBiC2el","http://Lidovky.cz, https://www.lidovky.cz/domov/hruzou-je-evropske-zelenani-komentuje-klaus-evropske-volby.A190529_224914_ln_domov_ele",,,3,25
Thu May 30 06:36:42 +0000 2019,cs,JiriParkes,,"â€HrozÃ­, Å¾e demokracie jeÅ¡tÄ› dÃ¡le ustoupÃ­ do pozadÃ­ a Å¾e nebudou rozhodovat volenÃ­ politikovÃ©, ale klimatickÃ© Grety a bezbarvÃ­ ÃºÅ™ednÃ­ci,â€œ

 https://t.co/NwdlXKtmHt",https://twitter.com/i/web/status/1133985567438495744,,,2,34
Thu May 30 05:57:05 +0000 2019,cs,EdwardModesti,"Prague, Czech Republic","HrÅ¯zou je evropskÃ© zelenÃ¡nÃ­, komentuje exprezident Klaus volby do EP https://t.co/aVTZOLyJZH",https://www.lidovky.cz/domov/hruzou-je-evropske-zelenani-komentuje-klaus-evropske-volby.A190529_224914_ln_domov_ele,,,0,0
Thu May 30 03:30:38 +0000 2019,cs,Fbeyeee,,SveÅ™epÃ½ po rÃ¡nu probere lÃ­p jak kafe. https://t.co/60qeCVEIFa,https://www.lidovky.cz/domov/hruzou-je-evropske-zelenani-komentuje-klaus-evropske-volby.A190529_224914_ln_domov_ele,,,0,27
Wed May 29 19:47:55 +0000 2019,cs,ProuzaTomas,Praha,"Pamatujete si jeÅ¡tÄ›, Å¾e byly nÄ›jakÃ© evropskÃ© volby? A mÃ¡te odvahu pÅ™ipomenout si s @kovy_gameballcz na @SeznamZpravy ty nejvÄ›tÅ¡Ã­ bizÃ¡ry letoÅ¡nÃ­ kampanÄ›? https://t.co/eFJUCV9fVV",https://twitter.com/i/web/status/1133822296349728774,,kovy_gameballcz,1,8
Wed May 29 15:30:00 +0000 2019,cs,infocz_web,ÄŒeskÃ¡ republika,"Co Äekat od ZelenÃ½ch v NÄ›mecku? Strana, kterÃ¡ se netajÃ­ podporou vyvlastÅˆovÃ¡nÃ­ i vytvoÅ™enÃ­ evropskÃ© federace, v eurovolbÃ¡ch vÃ½raznÄ› posÃ­lila.
VÃ­ce v ÄlÃ¡nku Marka Kerlese. ğŸ‘‡
https://t.co/Jtpzd4bXRS",https://twitter.com/i/web/status/1133757391491731457,,,3,10
Wed May 29 12:14:28 +0000 2019,cs,R_Spicar_SP_CR,,"SkvÄ›lÃ½ nÃ¡pad. UdÄ›lejme z nÃ­ ""volenou Komisi"". EvropskÃ½m parlamentem. AlespoÅˆ budou brÃ¡t lidÃ© evropskÃ© volby vÃ¡Å¾nÄ› a zaÄnou k nim chodit. OdstranÃ­me ÄÃ¡st demokratickÃ©ho deficitu EU. A zaveÄme evropskÃ½ SenÃ¡t, skrze kterÃ½ si budou moci stÃ¡ty hlÃ­dat svÃ© nÃ¡rodnÃ­ zÃ¡jmy #VizeEvropy https://t.co/smB8jhy2eL",https://twitter.com/i/web/status/1133708183648854016,,,3,24
Wed May 29 09:14:27 +0000 2019,cs,Europarl_CS,Brusel & Å trasburk,"StruÄnÃ½ pÅ™ehled dÄ›nÃ­ v EvropskÃ©m parlamentu v nejbliÅ¾Å¡Ã­ch tÃ½dnech â¬‡
- PolitickÃ© skupiny musÃ­ informovat o svÃ©m sloÅ¾enÃ­ do 24. Äervna.
- DevÃ¡tÃ© funkÄnÃ­ obdobÃ­ EP oficiÃ¡lnÄ› zaÄne 2. Äervence
VÃ­c: https://t.co/aDxh3lqD7Y https://t.co/m31f6cpAds",https://twitter.com/i/web/status/1133662878509228032,,,3,6
Wed May 29 09:04:54 +0000 2019,cs,JelinekLu,Czech Republic,"Za nezÃ¡jmem voliÄÅ¯ o EU vidÃ­m pocit, Å¾e jsme tam jen na nÃ¡vÅ¡tÄ›vÄ›. VÃ­tanÃ©? NevÃ­tanÃ©? KrÃ¡tkÃ©? DlouhÃ©? I to je odpovÄ›dnost politikÅ¯...

https://t.co/JvUgFswjey",https://twitter.com/i/web/status/1133660476322254848,,,0,0
Wed May 29 08:25:48 +0000 2019,cs,PetraFleischman,Czech Republic,"My jsme nevolili Å¾Ã¡dnÃ½ parlament, ale jenom takovou HLASOVACÃ MAÅ INU.
EvropskÃ© volby vÅ¯bec nic v EvropÄ› nezmÄ›nÃ­ ... https://t.co/Lhtxca0iPj",https://www.youtube.com/attribution_link?a=eGtDkMx9SJU&u=%2Fwatch%3Fv%3DVweRoXwChUk%26feature%3Dshare,,,0,0
Wed May 29 07:52:43 +0000 2019,cs,echoprimecz,HlavnÃ­ mÄ›sto Praha,Volby do EvropskÃ©ho parlamentu nemajÃ­ jednoznaÄnÃ½ vÃ½sledek a analytici po celÃ©m kontinentu se pÅ™i hledÃ¡nÃ­ jejich vÃ½kladu museli docela namÃ¡hat. Ale v jednom ohledu si tyto volby urÄitÄ› zaslouÅ¾Ã­ pÅ™Ã­davnÃ© jmÃ©no â€historickÃ©â€œ. https://t.co/QoXEv9sglA,https://twitter.com/i/web/status/1133642309776683008,,,0,0
Wed May 29 07:04:06 +0000 2019,cs,Blesk24,Praha,KomisaÅ™i zkazili i evropskÃ© volby. Å patnÄ› poÄÃ­tali preferenÄnÃ­ krouÅ¾ky https://t.co/qgUeY8h5E5 @Blesk24,https://www.blesk.cz/clanek/volby-evropske-volby/608065/komisari-zkazili-i-evropske-volby-spatne-pocitali-preferencni-krouzky.html,,Blesk24,0,0
Tue May 28 20:38:37 +0000 2019,cs,matenajakub,Czech Republic,"Volby do EvropskÃ©ho parlamentu skonÄili, ale jednÃ¡nÃ­ o podobÄ› EU v nÃ¡sledujÃ­cÃ­m volebnÃ­m obdobÃ­ pouze zaÄÃ­najÃ­. Marek VÃ½bornÃ½ jednÃ¡ s ostatnÃ­mi lÃ­dry nejsilnÄ›jÅ¡Ã­ evropskÃ© strany - EPP - European People's Party. ğŸ‡ªğŸ‡ºâ¤ï¸ https://t.co/zwHou32smE",https://twitter.com/i/web/status/1133472667296829440,,,1,1
Tue May 28 20:37:18 +0000 2019,cs,msojdrova,,"EvropskÃ© volby ukÃ¡zaly, Å¾e kÅ™esÅ¥anskÃ¡ demokracie je souÄÃ¡stÃ­ ÄeskÃ©ho politickÃ©ho spektra! NaprostÃ½ souhlas s vÃ½rokem pÅ™edsedy @MarekVyborny. My jsme spojili proevropskÃ© konzervativnÃ­ sÃ­ly. @kducsl",https://twitter.com/i/web/status/1133472337913950209,,,2,12
Tue May 28 19:51:38 +0000 2019,cs,TomZdechovsky,Hradec KrÃ¡lovÃ©/Brussels,"To, na co upozorÅˆovali lidÃ© volajÃ­cÃ­ po brexitu, byly vlastnÄ› chyby EvropskÃ© unie, kterÃ© nikdo neÅ™eÅ¡il. KromÄ› jinÃ©ho se vÄ›nujeme spoustÄ› tÃ©mat, kterÃ© jsou vÃ½luÄnou kompetencÃ­ nÃ¡rodnÃ­ch stÃ¡tÅ¯. A to dÃ¡vÃ¡ do plachet vÃ­tr nejrÅ¯znÄ›jÅ¡Ã­m euroskeptikÅ¯m #reformaEU

https://t.co/Dg37CRGJkO",https://twitter.com/i/web/status/1133460843008540672,,,4,66
Tue May 28 15:12:42 +0000 2019,cs,AlexandrMitrofa,"Prague, Czech Republic","""Myslel jsem, Å¾e Poc je bÃ½valÃ½ skokan na lyÅ¾Ã­ch,"" Å™ekl bÃ½valÃ½ prognostik.
https://t.co/JGHpZRCFLn",https://www.irozhlas.cz/zpravy-domov/milos-zeman-cssd-eurovolby-evropske-volby-pavel-poc-antonin-stanek-zofinske_1905281619_gak,,,3,25
Tue May 28 15:05:22 +0000 2019,cs,iROZHLAScz,ÄŒeskÃ¡ republika,"Za prohru sociÃ¡lnÃ­ demokracie ve volbÃ¡ch do EvropskÃ©ho parlamentu mÅ¯Å¾e podle prezidenta MiloÅ¡e Zemana nevÃ½raznÃ½ Pavel Poc v Äele jejÃ­ kandidÃ¡tky a zÃ¡leÅ¾itost kolem odchodu ministra kultury StaÅˆka z vlÃ¡dy.
https://t.co/hQiWCUyahW",https://twitter.com/i/web/status/1133388803849314305,,,1,3
Tue May 28 13:33:16 +0000 2019,cs,E15news,"Prague, Czech Republic","EvropskÃ© volby skonÄily, novÃ­ europoslanci pÅ™ed sebou majÃ­ spoustu problÃ©mÅ¯ k Å™eÅ¡enÃ­. PÅ™eÄtÄ›te si celÃ½ rozhovor s ekonomem Petrem ZahradnÃ­kem. https://t.co/7WvumtjZsd",https://twitter.com/i/web/status/1133365625903034370,,,0,0
Tue May 28 12:50:08 +0000 2019,cs,echoprimecz,HlavnÃ­ mÄ›sto Praha,"Za vÃ½chodisko z britskÃ© brexitovÃ© mizerie je obÄas povaÅ¾ovÃ¡no vypsÃ¡nÃ­ druhÃ©ho referenda. Je to argument, kterÃ½ Å¡Ã­Å™Ã­ pÅ™edevÅ¡Ã­m odpÅ¯rci brexitu. https://t.co/nXF88IedS2",https://twitter.com/i/web/status/1133354768942936064,,,0,0
Tue May 28 12:26:39 +0000 2019,cs,jaroslav_hroch,"Praha, ÄŒeskÃ¡ republika","MÃ¡te kladnÃ½ vztah k biopalivÅ¯m? Nebo negativnÃ­? AÅ¥ tak Äi tak...ProÄ?
Jestli se chcete v tÃ©matu orientovat a rozhodovat se na zÃ¡kladÄ› rozumu, ne emocÃ­, tak si pÅ™eÄtÄ›te tenhle ÃºÅ¾asnÃ½ text. Jako vedlejÅ¡Ã­ efekt se dozvÃ­te dost o EvropskÃ© unii â˜ºï¸ https://t.co/w28EldY8wL",https://twitter.com/i/web/status/1133348860594724864,,,4,11
Tue May 28 12:17:39 +0000 2019,cs,msojdrova,,"ZaÄÃ­najÃ­ jednÃ¡nÃ­ o pÅ™edsedovi EvropskÃ© komise. MÅ¯j nÃ¡zor je celkem jasnÃ½ a dlouhodobÄ› znÃ¡mÃ½. MÄ›l by se jÃ­m stÃ¡t @ManfredWeber, lÃ­dr evropskÃ½ch lidovcÅ¯, kteÅ™Ã­ celkovÄ› vyhrÃ¡li volby v EvropskÃ© unii. #EvropskaKomise #EuropeanCommission #KommissionsprÃ¤sident https://t.co/VvM7TUMbNj",https://twitter.com/i/web/status/1133346597151092736,,,4,16
Tue May 28 12:13:03 +0000 2019,cs,iROZHLAScz,ÄŒeskÃ¡ republika,"NadpoloviÄnÃ­ vÄ›tÅ¡ina pro Fidesz? ""OrbÃ¡n mobilizoval voliÄe, poÅ™Ã¡d zabÃ­rÃ¡ migrace,"" vysvÄ›tluje expert na maÄarskÃ½ politickÃ½ systÃ©m â¡ https://t.co/kdnaOn8TLf. https://t.co/tDABXQ9XtZ",https://twitter.com/i/web/status/1133345438361374721,,,1,0
Tue May 28 12:07:46 +0000 2019,cs,iROZHLAScz,ÄŒeskÃ¡ republika,"MaroÅ¡ Å efÄoviÄ, Manfred Weber nebo snad Angela MerkelovÃ¡? Å Ã©fovÃ© vlÃ¡d unijnÃ­ch zemÃ­ zaÄnou vybÃ­rat pÅ™Ã­Å¡tÃ­ho pÅ™edsedu EvropskÃ© komise. #EPvolby2019
https://t.co/yFWWccoSYf",https://twitter.com/i/web/status/1133344108297240576,,,0,2
Tue May 28 12:03:28 +0000 2019,cs,PepaKopecky,,"Prezident MiloÅ¡ Zeman na Å½ofÃ­nskÃ©m fÃ³ru Å™ekl, Å¾e podporuje zÃ¡sadnÃ­ reformu EvropskÃ© unie a pÅ™esun nÄ›kterÃ½ch  pravomocÃ­ z nevolenÃ© EvropskÃ©  komise na Evropskou radu, v nÃ­Å¾ jsou  premiÃ©Å™i jednotlivÃ½ch zemÃ­ a zemÄ›  nemohou bÃ½t pÅ™ehlasovÃ¡ny. #Zeman #reformaEU
https://t.co/bZHd9wLyg2",https://twitter.com/i/web/status/1133343024212262912,,,0,0
Tue May 28 11:39:48 +0000 2019,cs,dataRozhlas,,"â€Volila jsem PirÃ¡ty a pÅ™idÄ›lila jsem pouze jeden preferenÄnÃ­ hlas pro MarkÃ©tu Gregorovou. PÅ™esto jsou zapoÄÃ­tÃ¡ny maximÃ¡lnÃ­ poÄty preferenÄnÃ­ch hlasÅ¯,â€œ napsala nÃ¡m ÄtenÃ¡Å™ka po vydÃ¡nÃ­ ÄlÃ¡nku.

VolebnÃ­ data prozrazujÃ­ Å™adu chyb pÅ™i sÄÃ­tÃ¡nÃ­.

https://t.co/q04MHmCJgE https://t.co/j5UHOGh3pu",https://twitter.com/i/web/status/1133337070506786821,,,4,10
Tue May 28 10:10:07 +0000 2019,cs,iROZHLAScz,ÄŒeskÃ¡ republika,"JakÃ½ je recept na ÃºspÄ›ch Viktora OrbÃ¡na? PÅ™inÃ¡Å¡Ã­me #rozhovor s expertem na maÄarskÃ½ politickÃ½ systÃ©m Dominikem HÃ©jjem. #MaÄarsko
https://t.co/DYvm9Y4h70",https://twitter.com/i/web/status/1133314502190141440,rozhovor,,1,1
Tue May 28 09:52:22 +0000 2019,cs,HarzerF,"Praha, ÄŒeskÃ¡ republika",ğŸ‡­ğŸ‡ºS nejpovolanÄ›jÅ¡Ã­m @kropka_hu o maÄarskÃ½ vÃ½sledcÃ­ch. Bude OrbÃ¡n vlÃ¡dnout vÄ›ÄnÄ›? A koho pÅ™eskoÄila recesistickÃ¡ Strana dvouocasÃ©ho psa? https://t.co/uUlNrSYTZg,https://twitter.com/i/web/status/1133310034648227840,,kropka_hu,3,11
Tue May 28 09:40:27 +0000 2019,cs,satanik66666,,"SolÃ¡ra, biosloÅ¾ky, ... jednoduÅ¡e kretenismus :)
Je pravda, Å¾e ÄeskÃ½ stÃ¡t si mnohdy nastavuje pÅ™Ã­snÄ›jÅ¡Ã­ pravidla, neÅ¾ vyÅ¾adujÃ­ evropskÃ© smÄ›rnice. To ale neznamenÃ¡, Å¾e by ten kretenismus nebyl obsaÅ¾en jiÅ¾ v pÅ¯vodnÃ­ smÄ›rnici :)
https://t.co/xJILgA7cTz",https://twitter.com/i/web/status/1133307033816653824,,,0,1
Tue May 28 09:40:27 +0000 2019,cs,satanik66666,,"SolÃ¡ra, biosloÅ¾ky, ... jednoduÅ¡e kretenismus :)
Je pravda, Å¾e ÄeskÃ½ stÃ¡t si mnohdy nastavuje pÅ™Ã­snÄ›jÅ¡Ã­ pravidla, neÅ¾ vyÅ¾adujÃ­ evropskÃ© smÄ›rnice. To ale neznamenÃ¡, Å¾e by ten kretenismus nebyl obsaÅ¾en jiÅ¾ v pÅ¯vodnÃ­ smÄ›rnici :)
https://t.co/xJILgA7cTz",https://twitter.com/i/web/status/1133307033816653824,,,0,1
Tue May 28 08:10:53 +0000 2019,cs,hunynka2001,,Libor DvoÅ™Ã¡k: Rusko sleduje evropskÃ© volby https://t.co/i2xNZNJhpt,https://plus.rozhlas.cz/libor-dvorak-rusko-sleduje-evropske-volby-7952413,,,0,0
Tue May 28 08:02:23 +0000 2019,cs,Markus2369,Opava,"Velice zajÃ­mavÃ½ a inteligentnÃ­ rozhovor - redaktor HospodÃ¡Å™skÃ½ch novin a bÃ½valÃ½ zpravodaj ÄŒeskÃ©ho rozhlasu pÅ™i EvropskÃ© unii OndÅ™ej Houska rozebÃ­rÃ¡ situaci po EvropskÃ½ch volbÃ¡ch.
https://t.co/9K0dA4WCe3
(via @iROZHLAScz)",https://twitter.com/i/web/status/1133282354255028226,,,0,5
Tue May 28 07:53:06 +0000 2019,cs,MediaActuallCZ,,"PÅ˜EHLED: EvropskÃ© volby ve svÄ›tle dezinformacÃ­
(ManipulÃ¡toÅ™i / Jan Cemper)
https://t.co/E4ylelM5es",https://manipulatori.cz/prehled-evropske-volby-ve-svetle-dezinformaci/,,,0,0
Tue May 28 07:38:04 +0000 2019,cs,Adela_Horak,,"""â€Ãštoky na prostÅ™edÃ­ LGBT i obrana cÃ­rkve byly dÅ¯leÅ¾itÃ½m faktorem, kterÃ½ pomohl PiS volby vyhrÃ¡t,â€œ vysvÄ›tluje v rozhovoru pro https://t.co/kiMnOiTZGt polskÃ½ politolog Marek Migalski. https://t.co/yPLJuGsxLb",https://twitter.com/i/web/status/1133276235587641344,,,2,4
Tue May 28 07:38:00 +0000 2019,cs,iROZHLAScz,ÄŒeskÃ¡ republika,"#V4 navrhne na post pÅ™edsedy EvropskÃ© komise svÃ©ho souÄasnÃ©ho mÃ­stopÅ™edsedu a nedÃ¡vnÃ©ho kandidÃ¡ta na slovenskÃ©ho prezidenta MaroÅ¡e Å efÄoviÄe.
https://t.co/yFWWcc7hzF",https://twitter.com/i/web/status/1133276217669431297,V4,,0,1
Tue May 28 07:32:24 +0000 2019,cs,Blesk24,Praha,"BabiÅ¡ovy Å¾eny: ProhranÃ¡ veÄeÅ™e, podÄ›kovÃ¡nÃ­ tchyni i porod na obzoru @Blesk24 https://t.co/rZH9yWXB89",https://www.blesk.cz/clanek/volby-evropske-volby/607873/babisovy-zeny-prohrana-vecere-podekovani-tchyni-i-porod-na-obzoru.html,,Blesk24,0,0
Tue May 28 07:28:35 +0000 2019,cs,decinsko,DÄ›ÄÃ­n,EvropskÃ© volby na DÄ›ÄÃ­nsku: PodprÅ¯mÄ›rnÃ¡ volebnÃ­ ÃºÄast a vÃ­tÄ›zstvÃ­ ANO. https://t.co/fAKCElpTRn,https://decinsky.denik.cz/zpravy_region/vitezstvi-ano-na-decinsku-prislo-k-volbam-mnohem-vice-lidi-nez-minule-20190527.html,,,0,1
Tue May 28 07:15:01 +0000 2019,cs,MartinNovotny78,,"102 procent, to je jak volby v Rusku :D
#russianelectionsstrikesback
 https://t.co/1KnJJD0n5t",https://www.irozhlas.cz/volby/kandidatky-evropske-volby-hlasy_1905280600_jab,russianelectionsstrikesback,,0,0
Tue May 28 07:12:23 +0000 2019,cs,jiri_nantl,,"MÃ¡me v Äele EvropskÃ© komise chtÃ­t (post)komunistickÃ©ho kariÃ©ristu, kterÃ½ nedÃ¡vno prohrÃ¡l volby ve svÃ© domovskÃ© zemi? Jen proto, Å¾e je (skoro) naÅ¡inec? Evropa i V4 mÃ¡ na vÃ­c. https://t.co/LvrGEIUOU4",https://twitter.com/i/web/status/1133269773385687042,,,0,6
Tue May 28 06:48:01 +0000 2019,cs,rezniklukas,Czechia,ChodÃ­ nÃ¡s ultramÃ¡lo volit a jeÅ¡tÄ› to neumÃ­me ani seÄÃ­st... ğŸ˜„ğŸ¤·â€â™‚ï¸ https://t.co/2QybZWTiid,https://www.irozhlas.cz/volby/kandidatky-evropske-volby-hlasy_1905280600_jab,,,0,0
Tue May 28 06:18:03 +0000 2019,cs,ceskenoviny_cz,Czech Republic,HN: ZemÄ› V4 navrhnou na pÅ™edsedu EvropskÃ© komise Å efÄoviÄe #volby https://t.co/8hXntTcwem,https://www.ceskenoviny.cz/zpravy/hn-zeme-v4-navrhnou-na-predsedu-evropske-komise-sefcovice/1761167?utm_source=twitter&utm_medium=twitter_feed&utm_campaign=twitter,volby,,0,0
Tue May 28 06:16:00 +0000 2019,cs,petr_wlk_wolf,,"@R_Bartonicek MÄ› teda pÅ™ijde, Å¾e v zahraniÄÃ­ je to jeÅ¡tÄ› horÅ¡Ã­ a to v dobÄ› rÅ¯stu. Nechci vidÄ›t ty volby v krizi. TeÄ by se mÄ›li evropskÃ© zemÄ› jeÅ¡tÄ› vÃ­c spojovat, jinak nÃ¡s Asie pÅ™ejede jak nic, jestli uÅ¾ se tak nestalo.",https://twitter.com/i/web/status/1133255584646610945,,R_Bartonicek,0,0
Tue May 28 06:14:08 +0000 2019,cs,enkocz,,"KomentÃ¡Å™ Jana MolÃ¡Äka: ANO sice vyhrÃ¡lo evropskÃ© volby, hlasovÃ¡nÃ­ ale ukÃ¡zalo, Å¾e BabiÅ¡ovo hnutÃ­ je porazitelnÃ©. PremiÃ©rovi se pÅ™es maximÃ¡lnÃ­ snahu nepodaÅ™ilo aktivizovat svÃ© voliÄe. A bude to pro nÄ›j ÄÃ­m dÃ¡l tÄ›Å¾Å¡Ã­. https://t.co/Rt4Ww8Es2Y",https://twitter.com/i/web/status/1133255114964242432,,,4,38
Tue May 28 05:42:47 +0000 2019,cs,denikcz,Czech Republic,"ProtiunijnÃ­ sÃ­ly v eurovolbÃ¡ch neuspÄ›ly zdaleka tak, jak se pÅ™edpoklÃ¡dalo. EvropskÃ¡ unie bude pÅ™esto fungovat jeÅ¡tÄ› sloÅ¾itÄ›ji neÅ¾ dosud.

https://t.co/NZZOfOJL8a",https://twitter.com/i/web/status/1133247222395625472,,,0,0
Tue May 28 05:28:32 +0000 2019,cs,E15news,"Prague, Czech Republic",V evropskÃ© politice zaÄala po vÃ­kendovÃ½ch volbÃ¡ch novÃ¡ Ã©ra. https://t.co/LznRYTLfQL,https://www.e15.cz//volby/volby-do-evropskeho-parlamentu-2019/roztristena-evropa-musi-hledat-koalice-1359248,,,0,1
Tue May 28 04:47:00 +0000 2019,cs,CRoPlus,Praha,"Podle politologa Lukjanova bude â€efekt posÃ­lenÃ­ pozic pravicovÃ½ch populistÅ¯ spÃ­Å¡e symbolickÃ½â€œ. Do vztahÅ¯ s Ruskem se posÃ­lenÃ­ evropskÃ© pravice nepromÃ­tne, protoÅ¾e styky evropskÃ½ch politikÅ¯ tohoto raÅ¾enÃ­ s Moskvou jsou Äile vyuÅ¾Ã­vÃ¡ny proti nim. #komentÃ¡Å™ https://t.co/ouLZgCkjlS",https://twitter.com/i/web/status/1133233184475373568,,,0,1
Tue May 28 04:24:21 +0000 2019,cs,pieuropa,Prague,"EvropskÃ© volby majÃ­ dopad i na sloÅ¾enÃ­ SnÄ›movny. SvÃ¡ mÃ­sta opustÃ­ 3 poslanci, mÃ­sto Radky MaxovÃ© (ANO), Veroniky VrecionovÃ© (ODS) a MikulÃ¡Å¡e Peksy (PirÃ¡ti) pÅ™ijdou Petr Bendl (ODS), OndÅ™ej Babka (ANO) a FrantiÅ¡ek Navrkal (PirÃ¡ti) @NavrkalF https://t.co/S0tpsQFNza (MFD) https://t.co/9x1xkFFOWI",https://twitter.com/i/web/status/1133227484730843136,,,0,1
Tue May 28 04:16:00 +0000 2019,cs,iROZHLAScz,ÄŒeskÃ¡ republika,"Kde jsou nejvÄ›tÅ¡Ã­ ÃºdernÃ­ci? @dataRozhlas pro vÃ¡s pÅ™ipravila pÅ™ehled mÄ›st, kde napoÄÃ­tali pÅ™es 100 procent platnÃ½ch hlasÅ¯. Kdy jeÅ¡tÄ› statistickÃ¡ anomÃ¡lie ukazuje na chybu? https://t.co/590euVDoVl",https://twitter.com/i/web/status/1133225383443226625,,dataRozhlas,2,2
Mon May 27 23:53:03 +0000 2019,cs,robot416710,,PÅ˜EHLED: EvropskÃ© volby ve svÄ›tle dezinformacÃ­ https://t.co/wHQHZTf9Hx https://t.co/vj7i0Dmcfh,http://dlvr.it/R5XFhk,,,0,0
Mon May 27 23:05:23 +0000 2019,cs,blisty,Prague/Glasgow,EvropskÃ© volby jako nesmÄ›lÃ½ budÃ­Äek https://t.co/eVtBqLwnv9,http://blisty.cz/evta,,,0,0
Mon May 27 20:11:52 +0000 2019,cs,enkocz,,"SpoluprÃ¡ce TOP 09 a StarostÅ¯ je sprÃ¡vnÃ½ krok, k poraÅ¾enÃ­ hnutÃ­ ANO ale nestaÄÃ­. Tak pÅ™edvÃ­dajÃ­ budoucnost opoziÄnÃ­ch stran politologovÃ©, kterÃ© oslovil DenÃ­k N. https://t.co/iTnOcTqDb5",https://twitter.com/i/web/status/1133103549116760064,,,0,3
Mon May 27 19:12:56 +0000 2019,cs,R_Spicar_SP_CR,,"â€JednÃ¡ se o druhÃ© nejvÄ›tÅ¡Ã­ demokratickÃ© volby na svÄ›tÄ›. VÃ­ce oprÃ¡vnÄ›nÃ½ch voliÄÅ¯ je uÅ¾ jen v parlamentnÃ­ch volbÃ¡ch v Indii""
https://t.co/wEilkimuse",https://twitter.com/i/web/status/1133088716598198272,,,1,26
Mon May 27 18:44:05 +0000 2019,cs,iDNEScz,Czech Republic,"EU uÅ¾ nebude moci zÅ¯stat stejnÃ¡ jako dosud, nÄ›co se bude muset zmÄ›nit. https://t.co/3LSPy7eWp7",https://www.idnes.cz/volby/evropsky-parlament/2019/evropske-volby-tisk-centriste-zeleni-nacionaliste-ohlasy-evropa.A190527_135214_volby-ep2019_kha,,,1,4
Mon May 27 18:41:24 +0000 2019,cs,NeuPetr,"ZÃ¼rich, Praha","@StetinaEP Drtiva porazka je drtiva porazka.

Byla to hloupa strategie pro evropske volby. Asi ne tak spatna strategie pro budouci kandidaturu do Senatu ci nejake ty prezidentske volby.

Prijde mi ale, ze Vas i @Telicka by bylo vic potreba prave v EP, protoze odborniku na EU mame minimum.",https://twitter.com/i/web/status/1133080780417249280,,StetinaEP,0,20
Mon May 27 18:32:13 +0000 2019,cs,CT24zive,retweet â‰  podpora,"""UmÄ›li jsme zmobilizovat naÅ¡e voliÄe a myslÃ­m, Å¾e jsme se i podÃ­leli na tom, Å¾e ÃºÄast stoupla o 10 procent. A je potÅ™eba si pÅ™ipomenout, jakÃ¡ kampaÅˆ Å¡la proti nÃ¡m,"" Å™ekl k vÃ½sledkÅ¯m voleb premiÃ©r BabiÅ¡.

https://t.co/q056HVDVR5",https://twitter.com/i/web/status/1133078470030954499,,,0,5
Mon May 27 18:05:09 +0000 2019,cs,KHavlicka,,"BudÃ­Äek pro centristy, zelenÃ¡ vlna a boj o Evropu, pÃ­Å¡e tisk o eurovolbÃ¡ch https://t.co/hdczQOlqZU via @iDNEScz",https://www.idnes.cz/volby/evropsky-parlament/2019/evropske-volby-tisk-centriste-zeleni-nacionaliste-ohlasy-evropa.A190527_135214_volby-ep2019_kha?&utm_source=twitter&utm_medium=sharecd&utm_campaign=desktop,,iDNEScz,0,0
Mon May 27 17:54:40 +0000 2019,cs,kucera_v,ÄŒeskÃ¡ republika,"EurokolovrÃ¡tek.
BudÃ­Äek pro centristy, zelenÃ¡ vlna a boj o Evropu, pÃ­Å¡e tisk o eurovolbÃ¡ch https://t.co/qqfdQzPtpz prostÅ™ednictvÃ­m @iDNEScz",https://www.idnes.cz/volby/evropsky-parlament/2019/evropske-volby-tisk-centriste-zeleni-nacionaliste-ohlasy-evropa.A190527_135214_volby-ep2019_kha&utm_source=twitter&utm_medium=sharecm,,iDNEScz,1,1
Mon May 27 17:53:29 +0000 2019,cs,LiberalJiriO,,"Å½e by dÄ›ÄÃ­nskÃ½ noÄnÃ­ vlk @FoldynaJaroslav koneÄnÄ› pochopil, Å¾e jeho mÃ­sto je u Okamury a pÅ™estal @CSSD Å¡kodit. Tipuju, Å¾e po rozhovoru s prezidentem bude Å¡kodit dÃ¡l. S Tomanem, StaÅˆkem, HaÅ¡kem, Zimolou a spol. https://t.co/IHizfzw5qf",https://twitter.com/i/web/status/1133068723252879361,,"FoldynaJaroslav, CSSD",0,0
Mon May 27 17:36:56 +0000 2019,cs,iROZHLAScz,ÄŒeskÃ¡ republika,"â€šÄŒÃ¡st voliÄÅ¯ v evropskÃ½ch volbÃ¡ch vyjadÅ™uje nÃ¡zor na domÃ¡cÃ­ politiku. Ale roli hrajÃ­ takÃ© evropskÃ© programy. Bylo by neÅ¡Å¥astnÃ©, kdyby lidÃ© volili pouze podle domÃ¡cÃ­ch priorit,â€˜ Å™ekl @ZahradilJan . https://t.co/lqb9d6StGT",https://twitter.com/i/web/status/1133064558304780288,,,0,1
Mon May 27 17:25:08 +0000 2019,cs,enkocz,,"EuroparlamentnÃ­ volby majÃ­ Å™adu konkrÃ©tnÃ­ch vÃ­tÄ›zÅ¯ i poraÅ¾enÃ½ch, jednÃ­m z hlavnÃ­ch Å¡ampionÅ¯ jsou ale voliÄi. ZÃ¡roveÅˆ europarlament ale politicky vÃ­ce rozdrobili, coÅ¾ se projevuje uÅ¾ pÅ™i formovÃ¡nÃ­ budoucÃ­ch koalic. https://t.co/OfgPEfo0hq",https://twitter.com/i/web/status/1133061588146110466,,,0,1
Mon May 27 17:18:58 +0000 2019,cs,Don_Vito007,,"Tohle je taskarice-zahnedlej nackobolsevik s nevyjasnenou sexualitou vycita @CSSD nedostatek sebereflexeğŸ¤¦â€â™‚ï¸ Tak jak to skonci, udela nam Jarousek v partaji puc? Nebo preleze k loboTomiovi, pripadne k mlady KikineğŸ™„? Skodnej kazdopadne jiste nebudeğŸ˜
https://t.co/nHwHoeDioU",https://twitter.com/i/web/status/1133060036383662080,,CSSD,3,34
Mon May 27 16:38:17 +0000 2019,cs,Derer,"Rio de Janeiro, Brazil","Je skliÄujÃ­cÃ­ sledovat nezÃ¡jem ÄŒechÅ¯ (turnout 28,72%) a SlovÃ¡kÅ¯ (22,74%) o evropskÃ© volby.
ZatÃ­mco SlovÃ¡ci majÃ­ euro, takÅ¾e na to kaÅ¡lat mÅ¯Å¾ou, pro ÄŒechy zÅ¯stÃ¡vÃ¡ zase otevÅ™enÃ¡ ta otÃ¡zka.
Co vlastnÄ› ti ÄŒeÅ¡i chtÄ›jÃ­?
Prostor v srdci Evropy odsouzenej k vÄ›ÄnÃ½ plytkosti silnÃ½ch kecÅ¯.",https://twitter.com/i/web/status/1133049799333351424,,,1,11
Mon May 27 16:15:14 +0000 2019,cs,EuroZpravycz,Czech Republic,"ObrovskÃ½ #ÃºspÄ›ch Å¡panÄ›lskÃ½ch socialistÅ¯. OvlÃ¡dli evropskÃ©, mÃ­stnÃ­ i regionÃ¡lnÃ­ #volby https://t.co/tIktsA5XOv #EU",https://eurozpravy.cz/zahranicni/eu/258786-obrovsky-uspech-spanelskych-socialistu-ovladli-evropske-mistni-i-regionalni-volby/,"ÃºspÄ›ch, volby, EU",,0,0
Mon May 27 15:46:53 +0000 2019,cs,SeznamZpravy,HlavnÃ­ mÄ›sto Praha,"Hranici pro vstup do EvropskÃ©ho parlamentu pÅ™ekonalo stejnÄ› jako v minulÃ½ch volbÃ¡ch sedm politickÃ½ch subjektÅ¯. PodÃ­vejte se na evropskÃ© volby v ÄÃ­slech
https://t.co/szFRVKw3ui #volby #Europe2019 https://t.co/HJREBfGGkP",https://twitter.com/i/web/status/1133036863445446657,,,2,8
Mon May 27 15:44:24 +0000 2019,cs,Europarl_CS,Brusel & Å trasburk,EvropskÃ© volby v nedÄ›li skonÄily s nejvyÅ¡Å¡Ã­ ÃºÄastÃ­ za dvÄ› dekÃ¡dy. ShrnutÃ­ + co bude dÃ¡l â¡https://t.co/rgsfbDqUPM https://t.co/QPV9d1YSZv,http://eptwitter.eu/qhGu,,,0,5
Mon May 27 15:25:14 +0000 2019,cs,iROZHLAScz,ÄŒeskÃ¡ republika,"Volby v Polsku byly jasnÃ½m potvrzenÃ­m pÅ™Ã­znÄ› voliÄÅ¯ vlÃ¡dnoucÃ­ stranÄ› PiS. Co by se muselo stÃ¡t, aby to v podzimnÃ­ch parlamentnÃ­ch volbÃ¡ch dopadlo jinak? Rozhovor s politologem od @HarzerF https://t.co/ww4j1cYDPi",https://twitter.com/i/web/status/1133031412939071488,,,1,0
Mon May 27 15:24:37 +0000 2019,cs,HarzerF,"Praha, ÄŒeskÃ¡ republika",Co by teÄ mÄ›la dÄ›lat polskÃ¡ opozice? A mÃ¡ vÅ¯bec nÄ›jakou Å¡anci odvrÃ¡tit dalÅ¡Ã­ debakl na podzim? Rozhovor s @mmigalski o polskÃ½ch vÃ½sledcÃ­ch evropskÃ½ch voleb a jejich vÃ½znamu pro vnitropolitickÃ½ vÃ½voj. https://t.co/uvKzQCXRf6,https://twitter.com/i/web/status/1133031258357936130,,,2,16
Mon May 27 15:15:07 +0000 2019,cs,volby17cz,,"EvropskÃ© volby vyhrÃ¡lo v ÄŒR hnutÃ­ ANO nÃ¡sledovanÃ© ODS a PirÃ¡ty. ÄŒSSD totÃ¡lnÄ› propadla
https://t.co/7Ad7KNIUno",https://bit.ly/2K9W3rd,,,0,0
Mon May 27 15:15:06 +0000 2019,cs,kucera_v,ÄŒeskÃ¡ republika,"Je tÅ™eba rychle opustit potÃ¡pÄ›jÃ­cÃ­ se loÄ

Poslanec Foldyna uÅ¾ teÄ nevidÃ­ vÃ½chodisko zÂ debaklu ÄŒSSD uvnitÅ™ strany https://t.co/mEVSlO1OGb prostÅ™ednictvÃ­m @iDNEScz",https://twitter.com/i/web/status/1133028864161140736,,,0,4
Mon May 27 14:30:52 +0000 2019,cs,EUROPEUMPrague,"StaromÄ›stskÃ© nÃ¡mÄ›stÃ­ 4/1, 110 00 Prague 1","Reakce naÅ¡ich odbornÃ­kÅ¯ na vÃ½sledky voleb do EvropskÃ©ho parlamentu uÅ¾ najdete u nÃ¡s na webu #EUelections2019 #EP2019 :
ğŸ‡ªğŸ‡ºğŸ–Šï¸https://t.co/tImRgRR7JX https://t.co/HRVuDOzgcY",https://twitter.com/i/web/status/1133017734407757824,EUelections2019,,0,0
Mon May 27 14:24:26 +0000 2019,cs,SvazPrumyslu,"Praha, ÄŒeskÃ¡ republika","VÅ¡em naÅ¡im europoslankynÃ­m a europoslancÅ¯m gratulujeme! NabÃ­zÃ­me spoluprÃ¡ci a oÄekÃ¡vÃ¡me, Å¾e s nejvÄ›tÅ¡Ã­m zamÄ›stnavatelskÃ½m svazem budou konzultovat veÅ¡kerou legislativu s dopadem na podnikÃ¡nÃ­ v ÄŒR, EU i ve svÄ›tÄ›. https://t.co/2ZLTg8UK0s",https://twitter.com/i/web/status/1133016112566870018,,,2,5
Mon May 27 13:56:53 +0000 2019,cs,LadislavHenek,,EvropskÃ© volby v ItÃ¡lii drtivÄ› vyhrÃ¡la protiimigraÄnÃ­ Liga https://t.co/hX9E2KeE8p,https://www.ceskenoviny.cz/zpravy/evropske-volby-v-italii-drtive-vyhrala-protiimigracni-liga/1760789,,,0,0
Mon May 27 13:30:41 +0000 2019,cs,A2larm,Praha,"Konzervativci aÂ nacionalistÃ© dokÃ¡Å¾ou dnes voliÄÅ¯m nabÃ­dnout vÃ­c neÅ¾ levice, kterÃ¡ vÂ Å™adÄ› zemÃ­ pohoÅ™ela, coÅ¾ bude mÃ­t za dÅ¯sledek oslabenÃ­ evropskÃ© socialistickÃ© aÂ demokratickÃ© frakce. @A_Rychlikova #EUelections2019 #politika #EuropeanElectionResults #eu
https://t.co/k7BrDg2ng1",https://twitter.com/i/web/status/1133002585185619969,,,3,9
Mon May 27 12:53:09 +0000 2019,cs,Strnous,,"@PREZIDENTmluvci ""EvropskÃ© volby navÃ­c potvrdily trend.""
Potvrdily rÅ¯znÃ© trendy. NapÅ™.:
ODS: 2014 - 7,67%, 2017 - 11,32%, 2019 - 14,54%
CelÃ¡ ""antibabiÅ¡ovskÃ¡ liga"" (ODS, TOP09, STAN, PirÃ¡ti):
2014 - 23,62, 2017 - 32,6, 2019 - 40,14",https://twitter.com/i/web/status/1132993139902418945,,PREZIDENTmluvci,0,0
Mon May 27 12:44:56 +0000 2019,cs,DReferendum,Czech Republic,"@f_kalenda souhrnnÄ› o vÃ½sledcÃ­ch #evropskevolby2019 v zahraniÄÃ­... kdo pÅ™ekvapil, kdo ne a co to vÅ¡e znamenÃ¡.

https://t.co/WTsoGDOqHq https://t.co/sflSVYpSSb",https://twitter.com/i/web/status/1132991074119626752,evropskevolby2019,f_kalenda,3,3
Mon May 27 12:36:57 +0000 2019,cs,JiriParkes,,"UÅ¾ ji nemilujou?

JourovÃ¡ â€zkazilaâ€œ eurovolby, tvrdÃ­ vlivnÃ½ web. Vytkl jÃ­ SlovÃ¡ky i Å¾eny https://t.co/qZZosOTXqb",http://www.blesk.cz/clanek/volby-evropske-volby/607806/jourova-zkazila-eurovolby-tvrdi-vlivny-web-vytkl-ji-slovaky-i-zeny.html,,,2,17
Mon May 27 12:30:07 +0000 2019,cs,karelpeka,"Prague, Czechia","ProtoÅ¾e se objevujÃ­ hlasy, Å¾e ODS je zpÄ›t a Å¾e potvrzuje rÅ¯st a Å¾e bylo dobrÃ©, Å¾e oproti ÄŒSSD neÅ¡li s BabiÅ¡em do vlÃ¡dnÃ­ho forhontu, chtÄ›l bych jen upozornit, Å¾e Å¡lo o evropskÃ© volby a Å¾e jejÃ­ voliÄi jsou paradoxnÄ› na rozdÃ­l od rÃ©toriky jejÃ­ho vedenÃ­ dlouhodobÄ› silnÄ› prounijnÃ­. ğŸ˜‰",https://twitter.com/i/web/status/1132987345823784961,,,4,36
Mon May 27 11:48:51 +0000 2019,cs,MilanSasaNovak,Odolena Voda,"@jiridrahos1 EvropskÃ© volby potvrdily, Å¾e jejich postavenÃ­ mezi lidmi se povaÅ¾uje za volbu do exkluzivnÃ­ho klubu.... VÃ½jimkou je Francie s vÃ½roÄÃ­m 230 let od francouzskÃ© revoluce s patrnou radikalizacÃ­ doleva, kam, dle sociÃ¡lnÃ­ch aspektÅ¯ (podobnÄ› jako nacistÃ©) Le PenovÃ© vÃ­tÄ›znÃ¡ strana patÅ™Ã­.",https://twitter.com/i/web/status/1132976959225565185,,jiridrahos1,0,0
Mon May 27 11:35:59 +0000 2019,cs,CUTIzpravy,,"Je to tak:

EvropskÃ© volby jen potvrdily to, co Å™Ã­kali nÄ›kteÅ™Ã­ sociologovÃ©: ÄÃ­m vÃ­c lidÃ­ bude na nÃ¡mÄ›stÃ­ demonstrovat proti premiÃ©rovi Andreji BabiÅ¡ovi, tÃ­m vÃ­c lidÃ­ pÅ™ijde volit a tÃ­m jasnÄ›ji Å¡Ã©f ANO vyhraje. https://t.co/NcdmD73YXK",https://twitter.com/i/web/status/1132973721277345793,,,0,0
Mon May 27 11:35:53 +0000 2019,cs,PREZIDENTmluvci,,"Je to tak:

EvropskÃ© volby jen potvrdily to, co Å™Ã­kali nÄ›kteÅ™Ã­ sociologovÃ©: ÄÃ­m vÃ­c lidÃ­ bude na nÃ¡mÄ›stÃ­ demonstrovat proti premiÃ©rovi Andreji BabiÅ¡ovi, tÃ­m vÃ­c lidÃ­ pÅ™ijde volit a tÃ­m jasnÄ›ji Å¡Ã©f ANO vyhraje. https://t.co/png5VE8RUy",https://twitter.com/i/web/status/1132973695285288960,,,0,41
Mon May 27 11:35:41 +0000 2019,cs,rhobserver,,"Politico: JourovÃ¡ pokazila EvropÄ› volby. NezjednoduÅ¡ila je, nezpÅ™Ã­stupnila volebnÃ­ mÃ­stnosti, volebnÃ­ lÃ­stky nebyly v BrailovÄ› pÃ­smu atd. atd.

PatrnÄ› ne za vÅ¡e mÅ¯Å¾e Putin.

https://t.co/d14dF8OzbN",https://twitter.com/i/web/status/1132973647709257728,,,0,3
Mon May 27 11:30:24 +0000 2019,cs,daliborspok,Praha,"A motorkÃ¡Å™ Jarda, dalÅ¡Ã­ skvÄ›lÃ¡ posila Klausova ml. tÃ½mu.

https://t.co/SlSEt28Nrx",https://www.idnes.cz/volby/evropsky-parlament/2019/foldyna-nevidi-vychodisko-v-cssd-evropske-volby.A190527_110708_volby-ep2019_kop,,,0,4
Mon May 27 11:27:34 +0000 2019,cs,Posledniskaut,Pyongyang - BeneÅ¡ov - Muqdisho,"Klausovi ve pÅ™i.
https://t.co/teTE5oMnVU",https://www.blesk.cz/clanek/volby-evropske-volby/607760/klaus-pro-blesk-kvuli-volbam-me-u-obeda-napadl-syn-ods-zazdil-spd-chvalil.html,,,2,67
Mon May 27 11:15:33 +0000 2019,cs,enkocz,,"""EvropskÃ© volby jsou za nÃ¡mi a novÃ­ poslanci pÅ™evezmou kormidlo toho jedineÄnÃ©ho politickÃ©ho, hospodÃ¡Å™skÃ©ho i kulturnÃ­ho spoleÄenstvÃ­, jeÅ¾ si pÅ¯l miliardy evropskÃ½ch obÄanÅ¯ postupnÄ› vytvoÅ™ilo,"" pÃ­Å¡e v eseji filozof Jan Sokol. https://t.co/NPik4SlhFg https://t.co/oFIKz2Cs7o",https://twitter.com/i/web/status/1132968579354308608,,,2,15
Mon May 27 11:14:20 +0000 2019,cs,Pavel_Horvath,"Olomouc, Czech Republic","@PetrHonzejk DokÃ¡Å¾ete mÃ­t i jinÃ© tÃ©ma neÅ¾ AB? PoÅ™Ã¡d dokola. A poznÃ¡mka, nemusÃ­m bÃ½t ani politolog ani novinÃ¡Å™, ale staÄÃ­ se koukat kolem sebe a mnoho voliÄÅ¯ ANO evropskÃ© volby vÅ¯bec nezajÃ­mali, tudÃ­Å¾ se bojÃ­m, Å¾e dÄ›lat analÃ½zu na zÃ¡kladÄ› jejich ""malÃ©ho vÃ­tÄ›zstvÃ­"" je velmi zavÃ¡dÄ›jÃ­cÃ­.",https://twitter.com/i/web/status/1132968273258123264,,PetrHonzejk,0,2
Mon May 27 11:12:40 +0000 2019,cs,Hospodarky,Czech Republic,"VarovÃ¡nÃ­ pro BabiÅ¡e? EvropskÃ© volby ukÃ¡zaly, Å¾e ÄervenÃ¡ Äepice a ochranÃ¡Å™skÃ© billboardy uÅ¾ k ÃºspÄ›chu nestaÄÃ­, pÃ­Å¡e v analÃ½ze @PetrHonzejk https://t.co/T23Uu2Xey0",https://twitter.com/i/web/status/1132967851663478784,,,0,7
Mon May 27 10:59:17 +0000 2019,cs,999Leviatan,Czech Republic,"""SociÃ¡lnÃ­ demokracie svÃ©ho pÅ¯vodnÃ­ho voliÄe zaÄala oznaÄovat za xenofoba, homofoba a tak dÃ¡le, a on zÄÃ¡sti pÅ™eÅ¡el k Okamurovi a zÄÃ¡sti k ANO. My jsme se z fÃ¡ze nezÃ¡jmu dostali k nenÃ¡visti. PÅ¯vodnÃ­ voliÄ nÃ¡s zaÄal nenÃ¡vidÄ›t a ten vÃ½sledek je tady.""https://t.co/cwOZD7SpyX",https://twitter.com/i/web/status/1132964486804070400,,,5,42
Mon May 27 10:54:55 +0000 2019,cs,MediaActuallCZ,,"EvropskÃ© volby v zahraniÄÃ­: socialistÃ© i lidovci oslabÃ­. UspÄ›li zelenÃ­
(DenÃ­k Referendum / FrantiÅ¡ek Kalenda)
https://t.co/qiAOiaJuyF",http://denikreferendum.cz/clanek/29640-evropske-volby-v-zahranici-socialiste-i-lidovci-oslabi-uspeli-zeleni,,,0,0
Mon May 27 10:43:17 +0000 2019,cs,vit_dvorak,"Prague, Czech Republic",Super komentÃ¡Å™ https://t.co/XsDKI9N7PJ,https://ct24.ceskatelevize.cz/specialy/volby-do-evropskeho-parlamentu-2019/2825483-analyza-cssd-zazila-debakl-mizi-z-evropske,,,0,0
Mon May 27 09:57:00 +0000 2019,cs,DReferendum,Czech Republic,"EvropskÃ© volby v zahraniÄÃ­: socialistÃ© i lidovci oslabÃ­. UspÄ›li zelenÃ­

https://t.co/0S4NrwUnNU https://t.co/UXW7x6PkG2",http://denikreferendum.cz/clanek/29640-evropske-volby-v-zahranici-klasika-posuny-i-nekolik-prekvapeni,,,0,2
Mon May 27 09:51:29 +0000 2019,cs,PepaKopecky,,"PÅ¯vodnÃ­ voliÄ zaÄal @CSSD podle @FoldynaJaroslav nenÃ¡vidÄ›t. VÃ½chodisko z volebnÃ­ho debaklu v eurovolbÃ¡ch, nevidÃ­ uvnitÅ™ strany. â€Abych byl upÅ™Ã­mnÃ½, tak v tÃ©to chvÃ­li ne,â€œ Å™ekl v rozhovoru pro @iDNEScz Foldyna. NevÃ­, zda zÅ¯stane v poslaneckÃ©m klubu ÄŒSSD.
https://t.co/zlpl8EU4Nh",https://twitter.com/i/web/status/1132947422479552512,,"CSSD, FoldynaJaroslav",0,1
Mon May 27 09:34:00 +0000 2019,cs,CRoPlus,Praha,"EvropskÃ© volby na Slovensku je moÅ¾nÃ© interpretovat jako volÃ¡nÃ­ po zmÄ›nÄ› dosavadnÃ­ politiky. Za toho, kdo mÃ¡ zmÄ›nu pÅ™inÃ©st, povaÅ¾ujÃ­ voliÄi proevropskÃ½ liberÃ¡lnÃ­ politickÃ½ subjekt ProgresÃ­vne Slovensko / Spolu.  #komentÃ¡Å™ https://t.co/mITDsUe0uj @kamschuste",https://twitter.com/i/web/status/1132943022537269248,,,2,14
Mon May 27 09:24:03 +0000 2019,cs,ceskenoviny_cz,Czech Republic,AnalÃ½za: Eurovolby zmÄ›nily dosavadnÃ­ podobu evropskÃ© politiky #volby https://t.co/5o6O4SSpah,https://www.ceskenoviny.cz/zpravy/analyza-eurovolby-zmenily-dosavadni-podobu-evropske-politiky/1760805?utm_source=twitter&utm_medium=twitter_feed&utm_campaign=twitter,volby,,0,1
Mon May 27 08:46:49 +0000 2019,cs,EuroZpravycz,Czech Republic,ZrozenÃ­ novÃ© Evropy? EvropskÃ© volby prokÃ¡zaly pÅ™Ã¡nÃ­ voliÄÅ¯ zmÄ›nit EU https://t.co/fJFKbQrxM3 #eu #EUelections2019,https://eurozpravy.cz/zahranicni/eu/258736-zrozeni-nove-evropy-evropske-volby-prokazaly-prani-volicu-zmenit-eu/,"eu, EUelections2019",,0,0
Mon May 27 08:43:04 +0000 2019,cs,CT24zive,retweet â‰  podpora,"EvropskÃ© volby v ItÃ¡lii drtivÄ› vyhrÃ¡la protiimigraÄnÃ­ Liga vicepremiÃ©ra Mattea Salviniho, kterÃ¡ zÃ­skala 34,3 procenta hlasÅ¯.

https://t.co/AVh9Cc5mUT",https://twitter.com/i/web/status/1132930206036103168,,,0,10
Mon May 27 08:34:43 +0000 2019,cs,DReferendum,Czech Republic,"EvropskÃ© volby v zahraniÄÃ­ pohledem analytika @f_kalenda: klasika, posuny i nÄ›kolik pÅ™ekvapenÃ­

https://t.co/0S4NrwUnNU https://t.co/NmATcV2BgQ",https://twitter.com/i/web/status/1132928106304614400,,f_kalenda,5,6
Mon May 27 08:11:45 +0000 2019,cs,hanka_pyre,young dumb & broke,@iROZHLAScz nenÃ­ v iOs podcastech nahranÃ½ mÃ­sto aktuÃ¡lnÃ­ho opÄ›t pÃ¡teÄnÃ­ dÃ­l (evropskÃ© volby)? nebo je chyba na mÃ©m pÅ™ijÃ­maÄi?,,,iROZHLAScz,0,0
Mon May 27 07:59:57 +0000 2019,cs,adamblistan,HlavnÃ­ mÄ›sto Praha,"Pokud chcete ztratit 3 minuty svÃ©ho Å¾ivota, pÅ™eÄtÄ›te si tenhle rozhovor.

https://t.co/oXopFWDRSu",https://www.blesk.cz/clanek/volby-evropske-volby/607760/klaus-pro-blesk-kvuli-volbam-me-u-obeda-napadl-syn-ods-zazdil-spd-chvalil.html?fbclid=IwAR0o6Nia3mab9LI8nQ_xuWpBI3D4cGvdUkHYWxhpXXngtmmIN9zBNNO-FcI,,,0,0
Mon May 27 07:23:43 +0000 2019,cs,SvecKamil,,"ZajÃ­mÃ¡ vÃ¡s interpretace voleb? DoporuÄuji vaÅ¡Ã­ pozornosti web @CT24zive. S @LukHajek jsme celou noc psali analÃ½zy, abyste je mÄ›li k dospozici. Zde tÅ™eba analÃ½za vÃ½sledku @CSSD. Na webu najdete i interaktivnÃ­ mapy a dalÅ¡Ã­ ÄlÃ¡nky budou pÅ™ibÃ½vat. #volbyEP
https://t.co/COTcjJ2sw0",https://twitter.com/i/web/status/1132910236283658240,,"CT24zive, LukHajek",5,19
Mon May 27 07:09:00 +0000 2019,cs,CRoPlus,Praha,".@AlexandrMitrofa: ÄŒesko je evropskÃ¡ zemÄ› a v souÄasnÃ© EvropÄ› nemÅ¯Å¾ou chybÄ›t zÃ¡stupci prokremelskÃ½ch sil. Jsme v trendu, protoÅ¾e zemÄ› bude mÃ­t v EvropskÃ©m parlamentu dva takovÃ© muÅ¾e z SPD. A takÃ© komunistku KateÅ™inu KoneÄnou. #komentÃ¡Å™ https://t.co/OTCUE3AFeq",https://twitter.com/i/web/status/1132906532050481152,,AlexandrMitrofa,0,2
Mon May 27 06:29:19 +0000 2019,cs,MichalFier1,"Prague, Czech Republic","Zde je odpovÄ›Ä vÅ¡em, kdo tvrdi, Å¾e BritovÃ© nevÄ›dÃ­ co chtÄ›jÃ­.

https://t.co/vl5JxlbcZd",https://www.idnes.cz/volby/evropsky-parlament/2019/britanie-eurovolby-evropske-volby.A190526_223541_zahranicni_remy,,,0,0
Mon May 27 06:23:11 +0000 2019,cs,WEBFOTOMEDIASEO,ÄŒeskÃ¡ republika,"EvropskÃ© volby vyhrÃ¡lo HnutÃ­ ANO, nÃ¡sleduje ODS a PirÃ¡ti, propadla vlÃ¡dnÃ­ ÄŒSSD https://t.co/w1XhDSr45v prostÅ™ednictvÃ­m uÅ¾ivatele @PlzeÅˆ CZ https://t.co/997rgFkBhs","https://www.plzen.cz/evropske-volby-vyhralo-hnuti-ano-nasleduje-ods-a-pirati-propadla-vladni-cssd/, https://twitter.com/i/web/status/1132895001317380096",,,0,0
Mon May 27 06:07:10 +0000 2019,cs,iROZHLAScz,ÄŒeskÃ¡ republika,ğŸ”´ Å½IVÄš. SpeciÃ¡lnÃ­ vysÃ­lÃ¡nÃ­ spoleÄnÃ©ho volebnÃ­ho studia @Radiozurnal1 a @CRoPlus sledujte online na https://t.co/4uovGWHnSe,http://irozhl.as/63X,,"Radiozurnal1, CRoPlus",1,0
Mon May 27 05:40:28 +0000 2019,cs,AnettLu,,"Eurovolby v BritÃ¡nii drtivÄ› vyhraje Farage, konzervativci zaÅ¾Ã­vajÃ­ debakl - https://t.co/8xsOsujMAU https://t.co/XPmqQTvQXv","http://iDNES.cz, https://www.idnes.cz/volby/evropsky-parlament/2019/britanie-eurovolby-evropske-volby.A190526_223541_zahranicni_remy",,,0,0
Mon May 27 05:28:15 +0000 2019,cs,enkocz,,"Esej Jana Sokola: EvropskÃ© volby jsou za nÃ¡mi a novÃ­ poslanci pÅ™ebÃ­rajÃ­ odpovÄ›dnost za tisÃ­ciletou tradici, kterou majÃ­ hÃ¡jit a rozvÃ­jet a za ÄtyÅ™i roky pÅ™edat dalÅ¡Ã­m. https://t.co/teZaBgRJdv",https://twitter.com/i/web/status/1132881176786546688,,,4,10
Mon May 27 04:44:31 +0000 2019,cs,CT24zive,retweet â‰  podpora,"SociÃ¡lnÃ­ demokratÃ© pokraÄujÃ­ ve volebnÃ­ch neÃºspÄ›Å¡Ã­ch. A ten souÄasnÃ½ je zatÃ­m zÅ™ejmÄ› nejbolestivÄ›jÅ¡Ã­.

https://t.co/dHDf6czmB8",https://ct24.ceskatelevize.cz/specialy/volby-do-evropskeho-parlamentu-2019/2825483-analyza-cssd-zazila-debakl-mizi-z-evropske,,,0,10
Mon May 27 04:03:36 +0000 2019,cs,pavelsafr,,"KompletnÃ­ vÃ½sledky voleb do EvropskÃ©ho parlamentu. TÅ™etina deklarovanÃ½ch voliÄÅ¯ hnutÃ­ ANO se na svÃ©ho vÅ¯dce vybodla, nebo evropskÃ© volby prostÄ› nechÃ¡pe. ÄŒSSD totÃ¡lnÄ› zkrachovala. https://t.co/YF5EysS34R",https://twitter.com/i/web/status/1132859876705808385,,,3,29
Mon May 27 00:20:30 +0000 2019,cs,iROZHLAScz,ÄŒeskÃ¡ republika,"#KOMENTÃÅ˜: Tsipras se tedy rozhodl vyhlÃ¡sit pÅ™edÄasnÃ© volby, aby pÅ™i pravidelnÃ½ch podzimnÃ­ch neprohrÃ¡l jeÅ¡tÄ› vÃ­c. ZtrÃ¡cÃ­ tÃ­m ale cennÃ½ Äas, v nÄ›mÅ¾ mohl i zkusit zÃ­skat sympatie bÄ›Å¾nÃ½ch Å˜ekÅ¯ dalÅ¡Ã­mi opatÅ™enÃ­ ke zmÃ­rnÄ›nÃ­ dopadÅ¯ krize. https://t.co/pIOgU46s4q",https://twitter.com/i/web/status/1132803730678661120,KOMENTÃÅ˜,,1,3
